frame,timestamp,cx,cy,length,angle_deg,brightness,color
0,0.0,239.986,216.068,39.023,100.575,0.886,1
0,0.0,277.94,214.32,44.554,106.152,0.922,1
0,0.0,440.053,197.471,44.916,79.692,0.903,1
0,0.0,511.496,201.451,46.369,75.76,0.921,1
0,0.0,595.509,217.834,36.046,89.307,0.887,0
1,0.016666666666666666,241.446,216.797,40.138,105.709,0.88,1
1,0.016666666666666666,278.112,214.704,44.602,107.209,0.914,1
1,0.016666666666666666,442.387,198.443,46.801,82.287,0.901,1
1,0.016666666666666666,511.384,200.816,43.375,78.384,0.899,1
1,0.016666666666666666,597.978,218.05,38.598,82.474,0.89,0
2,0.03333333333333333,241.133,216.68,40.071,104.411,0.883,1
2,0.03333333333333333,280.248,213.335,46.452,105.637,0.911,1
2,0.03333333333333333,442.867,197.79,45.245,80.2,0.903,1
2,0.03333333333333333,513.031,200.459,42.786,83.076,0.896,1
2,0.03333333333333333,599.967,217.687,38.198,82.086,0.889,0
3,0.05,241.122,214.677,40.186,107.076,0.878,1
3,0.05,281.079,212.604,43.904,103.538,0.906,1
3,0.05,444.89,198.341,47.156,81.154,0.907,1
3,0.05,512.615,201.215,44.834,81.999,0.898,1
3,0.05,603.921,215.899,38.359,86.489,0.89,0
4,0.06666666666666667,240.527,216.034,40.154,106.098,0.887,1
4,0.06666666666666667,280.977,214.604,43.899,103.445,0.892,1
4,0.06666666666666667,444.995,198.254,47.018,80.836,0.899,1
4,0.06666666666666667,512.978,200.377,43.262,80.377,0.91,1
4,0.06666666666666667,607.004,218.303,38.606,82.246,0.892,0
5,0.08333333333333333,240.856,216.253,39.557,103.831,0.886,1
5,0.08333333333333333,281.929,214.296,43.911,103.679,0.902,1
5,0.08333333333333333,447.518,197.894,44.828,82.108,0.898,1
5,0.08333333333333333,514.439,200.611,43.382,78.224,0.898,1
5,0.08333333333333333,609.385,216.214,35.334,84.083,0.894,0
6,0.1,242.473,216.747,39.505,102.534,0.882,1
6,0.1,282.96,214.485,43.859,102.758,0.903,1
6,0.1,449.568,199.704,45.874,75.829,0.905,1
6,0.1,516.05,200.701,43.255,80.478,0.913,1
6,0.1,610.997,218.251,39.03,79.228,0.888,0
7,0.11666666666666667,241.513,215.643,41.519,105.162,0.874,1
7,0.11666666666666667,285.066,212.904,43.893,103.332,0.901,1
7,0.11666666666666667,449.853,197.604,45.821,77.025,0.902,1
7,0.11666666666666667,515.473,199.882,45.323,78.674,0.903,1
7,0.11666666666666667,614.45,218.151,38.52,84.168,0.896,0
8,0.13333333333333333,241.487,215.755,41.43,101.906,0.877,1
8,0.13333333333333333,284.982,213.972,47.494,101.594,0.901,1
8,0.13333333333333333,451.991,198.973,46.851,81.075,0.9,1
8,0.13333333333333333,515.597,201.25,40.916,81.244,0.903,1
8,0.13333333333333333,618.049,217.841,38.066,78.683,0.889,0
9,0.15,242.013,215.093,42.081,106.285,0.883,1
9,0.15,286.638,212.652,47.272,100.999,0.901,1
9,0.15,452.595,199.278,45.318,78.782,0.896,1
9,0.15,517.939,200.758,44.174,76.347,0.901,1
9,0.15,619.459,216.341,34.53,84.337,0.907,0
10,0.16666666666666666,240.927,216.527,40.013,103.501,0.885,1
10,0.16666666666666666,286.497,214.462,46.891,101.107,0.903,1
10,0.16666666666666666,455.5,199.5,45.298,79.226,0.902,1
10,0.16666666666666666,516.466,200.511,43.384,78.177,0.898,1
10,0.16666666666666666,622.474,218.423,40.596,77.685,0.905,0
11,0.18333333333333332,242.497,215.739,41.414,101.575,0.886,1
11,0.18333333333333332,288.998,213.718,45.378,103.358,0.898,1
11,0.18333333333333332,457.055,198.092,46.847,81.21,0.9,1
11,0.18333333333333332,519.53,201.399,45.385,75.792,0.903,1
11,0.18333333333333332,625.0,216.854,39.821,79.563,0.894,0
12,0.2,242.578,215.253,41.416,101.606,0.892,1
12,0.2,290.481,213.885,45.879,104.309,0.91,1
12,0.2,457.009,198.027,46.851,81.075,0.905,1
12,0.2,518.5,202.5,43.778,78.382,0.922,1
12,0.2,627.1,218.751,39.024,79.405,0.896,0
13,0.21666666666666667,242.5,216.5,40.122,105.356,0.892,1
13,0.21666666666666667,289.348,214.116,43.381,101.76,0.904,1
13,0.21666666666666667,458.937,198.431,46.869,80.477,0.902,1
13,0.21666666666666667,520.011,201.757,42.998,72.632,0.909,1
14,0.23333333333333334,242.98,215.678,41.496,103.702,0.887,1
14,0.23333333333333334,291.5,213.885,45.324,101.343,0.904,1
14,0.23333333333333334,461.107,198.348,43.917,76.21,0.904,1
14,0.23333333333333334,519.652,202.116,43.381,78.24,0.904,1
15,0.25,242.435,216.228,40.133,105.604,0.89,1
15,0.25,292.385,213.442,45.313,101.093,0.9,1
15,0.25,462.041,198.293,47.294,78.365,0.9,1
15,0.25,519.775,201.539,45.81,77.231,0.907,1
16,0.26666666666666666,243.105,214.868,41.327,100.129,0.887,1
16,0.26666666666666666,294.694,213.393,45.297,100.75,0.905,1
16,0.26666666666666666,463.942,199.24,46.22,77.579,0.902,1
16,0.26666666666666666,519.757,200.568,43.912,76.304,0.91,1
17,0.2833333333333333,242.419,214.116,43.976,105.255,0.899,1
17,0.2833333333333333,295.782,213.257,45.792,102.46,0.905,1
17,0.2833333333333333,464.519,198.406,47.84,73.71,0.906,1
17,0.2833333333333333,520.98,202.68,43.871,77.041,0.903,1
18,0.3,242.54,214.682,43.378,101.674,0.897,1
18,0.3,295.892,213.5,45.376,103.233,0.899,1
18,0.3,466.009,199.387,45.78,77.743,0.907,1
18,0.3,521.464,201.448,45.292,79.345,0.905,1
19,0.31666666666666665,243.995,215.679,41.988,104.022,0.908,1
19,0.31666666666666665,296.52,212.561,43.383,101.792,0.901,1
19,0.31666666666666665,468.02,198.68,43.259,80.419,0.909,1
19,0.31666666666666665,521.437,201.033,43.816,77.876,0.9,1
20,0.3333333333333333,245.028,216.45,42.958,100.714,0.896,1
20,0.3333333333333333,298.041,213.436,44.914,100.174,0.895,1
20,0.3333333333333333,468.5,199.5,45.67,79.256,0.915,1
20,0.3333333333333333,522.531,202.6,42.969,78.649,0.897,1
21,0.35,243.491,214.651,43.414,102.663,0.892,1
21,0.35,298.028,213.509,45.779,102.247,0.909,1
21,0.35,469.424,199.147,45.866,76.055,0.907,1
21,0.35,523.49,202.451,43.36,78.722,0.901,1
22,0.36666666666666664,244.572,215.09,41.431,101.913,0.899,1
22,0.36666666666666664,299.451,212.092,44.93,101.281,0.905,1
22,0.36666666666666664,470.598,200.263,47.261,79.285,0.901,1
22,0.36666666666666664,522.94,201.618,41.986,76.002,0.909,1
23,0.38333333333333336,243.372,216.165,43.378,101.685,0.901,1
23,0.38333333333333336,300.598,213.533,45.311,101.056,0.895,1
23,0.38333333333333336,471.84,200.33,47.303,78.011,0.908,1
23,0.38333333333333336,525.418,203.232,45.875,75.791,0.901,1
24,0.4,245.476,216.103,43.425,98.529,0.906,1
24,0.4,302.48,214.116,42.88,98.493,0.911,1
24,0.4,474.064,198.318,47.69,78.475,0.915,1
24,0.4,524.98,202.68,43.871,77.041,0.916,1
25,0.4166666666666667,243.972,215.751,47.097,102.149,0.901,1
25,0.4166666666666667,303.55,213.101,45.745,101.729,0.908,1
25,0.4166666666666667,475.51,198.553,48.528,76.658,0.913,1
25,0.4166666666666667,523.365,202.835,43.386,78.137,0.9,1
26,0.43333333333333335,246.027,214.973,40.987,100.498,0.907,1
26,0.43333333333333335,304.534,212.711,43.369,101.481,0.898,1
26,0.43333333333333335,475.904,199.856,46.346,74.856,0.908,1
26,0.43333333333333335,523.504,201.55,45.344,78.111,0.898,1
27,0.45,247.138,215.753,45.824,103.039,0.906,1
27,0.45,305.515,213.452,45.301,100.824,0.906,1
27,0.45,476.98,200.32,43.259,80.419,0.905,1
27,0.45,525.365,202.835,43.386,78.137,0.901,1
28,0.4666666666666667,246.904,216.379,43.313,100.413,0.902,1
28,0.4666666666666667,307.489,213.115,45.324,101.346,0.907,1
28,0.4666666666666667,477.944,198.963,47.828,75.204,0.909,1
28,0.4666666666666667,525.07,202.828,44.351,76.699,0.905,1
29,0.48333333333333334,247.53,214.843,42.882,98.545,0.903,1
29,0.48333333333333334,308.925,213.097,45.225,99.484,0.906,1
29,0.48333333333333334,477.889,198.658,47.744,77.558,0.903,1
29,0.48333333333333334,526.109,202.394,44.597,72.937,0.905,1
30,0.5,248.832,215.441,41.355,100.556,0.906,1
30,0.5,308.912,213.105,45.224,99.466,0.908,1
30,0.5,479.903,199.386,45.38,76.507,0.899,1
30,0.5,525.106,203.512,42.695,72.723,0.91,1
31,0.5166666666666667,247.552,215.51,41.413,101.548,0.901,1
31,0.5166666666666667,311.009,213.602,45.183,98.881,0.906,1
31,0.5166666666666667,480.596,199.32,45.324,78.654,0.902,1
31,0.5166666666666667,524.939,201.797,42.747,71.407,0.904,1
32,0.5333333333333333,247.975,214.116,42.941,100.034,0.906,1
32,0.5333333333333333,312.513,213.452,44.93,101.318,0.892,1
32,0.5333333333333333,482.905,198.812,43.429,76.773,0.897,1
32,0.5333333333333333,526.002,202.272,43.874,76.987,0.906,1
33,0.55,249.047,213.832,40.995,100.779,0.892,1
33,0.55,312.904,213.269,45.249,99.868,0.904,1
33,0.55,483.888,199.45,45.375,76.825,0.895,1
33,0.55,526.469,202.733,44.254,74.403,0.905,1
33,0.55,556.8,190.98,22.023,93.116,0.814,0
34,0.5666666666666667,249.962,214.195,42.945,100.167,0.898,1
34,0.5666666666666667,315.055,214.331,47.044,99.762,0.896,1
34,0.5666666666666667,485.014,199.888,45.908,77.766,0.895,1
34,0.5666666666666667,525.539,202.542,43.45,75.061,0.896,1
34,0.5666666666666667,557.823,199.784,37.125,94.69,0.875,0
35,0.5833333333333334,249.463,215.136,45.326,101.391,0.903,1
35,0.5833333333333334,316.04,212.872,46.856,99.066,0.908,1
35,0.5833333333333334,485.019,201.055,45.907,74.667,0.897,1
35,0.5833333333333334,526.0,203.421,41.978,76.147,0.901,1
35,0.5833333333333334,559.876,201.818,38.052,93.697,0.886,0
36,0.6,251.5,214.5,43.158,98.289,0.91,1
36,0.6,317.473,211.63,45.879,104.317,0.915,1
36,0.6,486.033,200.5,47.837,74.595,0.908,1
36,0.6,526.989,203.142,42.097,72.988,0.912,1
36,0.6,564.504,201.086,36.547,96.125,0.886,0
37,0.6166666666666667,250.518,214.789,42.873,98.358,0.902,1
37,0.6166666666666667,317.035,212.46,43.288,100.018,0.905,1
37,0.6166666666666667,488.037,199.6,45.915,74.227,0.906,1
37,0.6166666666666667,527.542,202.344,43.964,75.118,0.907,1
37,0.6166666666666667,568.545,200.389,38.257,93.968,0.883,0
38,0.6333333333333333,252.019,215.334,45.245,99.808,0.893,1
38,0.6333333333333333,320.125,212.321,47.443,98.645,0.901,1
38,0.6333333333333333,489.511,199.554,46.6,75.718,0.914,1
38,0.6333333333333333,526.536,204.522,40.139,74.26,0.907,1
38,0.6333333333333333,572.967,201.126,36.428,94.316,0.882,0
39,0.65,254.074,214.537,46.87,99.562,0.899,1
39,0.65,321.495,212.5,43.362,101.331,0.907,1
39,0.65,488.599,200.685,47.84,74.009,0.908,1
39,0.65,525.995,203.321,41.988,75.978,0.909,1
39,0.65,577.373,199.793,36.014,90.156,0.874,0
40,0.6666666666666666,253.99,214.041,42.955,100.572,0.894,1
40,0.6666666666666666,321.433,214.69,43.764,101.44,0.904,1
40,0.6666666666666666,489.406,198.665,47.793,76.447,0.902,1
40,0.6666666666666666,526.16,202.316,44.589,73.127,0.907,1
40,0.6666666666666666,580.541,200.357,35.128,94.172,0.894,0
41,0.6833333333333333,253.938,214.274,42.808,97.251,0.9,1
41,0.6833333333333333,323.55,212.5,43.168,98.413,0.909,1
41,0.6833333333333333,491.626,199.18,46.516,72.69,0.904,1
41,0.6833333333333333,525.887,202.801,43.931,75.925,0.905,1
41,0.6833333333333333,583.39,200.557,38.006,89.886,0.874,0
42,0.7,253.914,215.182,45.066,99.62,0.905,1
42,0.7,323.937,213.296,44.76,96.759,0.903,1
42,0.7,492.599,200.099,47.785,76.676,0.905,1
42,0.7,526.528,203.491,42.035,75.006,0.918,1
42,0.7,589.386,201.254,36.023,89.737,0.879,0
43,0.7166666666666667,255.519,214.844,42.882,98.549,0.896,1
43,0.7166666666666667,326.399,213.271,44.83,97.927,0.905,1
43,0.7166666666666667,493.614,200.398,44.223,75.067,0.9,1
43,0.7166666666666667,526.549,203.603,42.057,74.47,0.889,1
43,0.7166666666666667,592.498,201.608,37.12,93.844,0.887,0
44,0.7333333333333333,256.466,216.489,43.384,101.823,0.903,1
44,0.7333333333333333,328.548,212.752,42.877,98.434,0.903,1
44,0.7333333333333333,494.563,200.535,47.84,73.654,0.898,1
44,0.7333333333333333,527.446,202.917,39.513,77.295,0.878,1
44,0.7333333333333333,595.59,201.5,36.0,90.0,0.87,0
45,0.75,256.938,215.875,41.732,100.665,0.905,1
45,0.75,328.386,213.319,44.827,97.872,0.904,1
45,0.75,496.095,200.188,43.429,76.773,0.893,1
45,0.75,527.0,202.972,40.845,71.55,0.884,1
45,0.75,599.498,200.963,37.026,89.121,0.879,0
48,0.8,258.52,214.561,43.383,101.792,0.912,1
48,0.8,333.919,212.544,46.501,96.428,0.903,1
48,0.8,497.566,202.147,47.783,76.712,0.909,1
48,0.8,527.5,204.5,39.49,77.788,0.888,1
48,0.8,611.527,200.617,35.331,84.225,0.897,0
49,0.8166666666666667,259.433,214.69,43.764,101.44,0.898,1
49,0.8166666666666667,335.041,212.484,42.923,97.117,0.899,1
49,0.8166666666666667,499.053,200.044,45.353,77.82,0.907,1
49,0.8166666666666667,526.477,204.423,40.114,74.8,0.887,1
49,0.8166666666666667,542.333,214.167,8.064,84.512,0.593,0
49,0.8166666666666667,613.472,202.1,34.553,83.969,0.888,0
50,0.8333333333333334,259.929,214.704,43.337,100.842,0.895,1
50,0.8333333333333334,335.94,212.669,46.494,96.222,0.897,1
50,0.8333333333333334,499.476,200.476,43.354,78.832,0.9,1
50,0.8333333333333334,526.472,202.972,40.153,73.92,0.887,1
50,0.8333333333333334,543.883,200.909,35.04,89.178,0.88,0
50,0.8333333333333334,617.921,202.854,35.13,85.611,0.883,0
51,0.85,260.995,214.17,42.545,96.919,0.899,1
51,0.85,336.955,213.133,47.529,99.015,0.896,1
51,0.85,499.571,200.551,44.487,74.978,0.914,1
51,0.85,525.043,203.818,42.098,72.932,0.883,1
51,0.85,547.408,203.125,36.018,89.794,0.878,0
51,0.85,621.487,201.498,36.567,83.504,0.89,0
52,0.8666666666666667,262.01,215.354,44.284,93.468,0.899,1
52,0.8666666666666667,339.082,212.793,46.714,96.268,0.9,1
52,0.8666666666666667,499.985,201.018,43.998,73.844,0.908,1
52,0.8666666666666667,526.13,204.188,40.05,76.189,0.875,1
52,0.8666666666666667,551.032,201.507,37.19,86.033,0.884,0
52,0.8666666666666667,624.982,202.237,38.252,93.844,0.883,0
53,0.8833333333333333,262.095,214.259,43.222,99.074,0.914,1
53,0.8833333333333333,339.536,212.51,43.157,98.281,0.901,1
53,0.8833333333333333,502.028,200.984,47.823,75.456,0.901,1
53,0.8833333333333333,527.086,204.237,40.183,73.04,0.881,1
53,0.8833333333333333,554.923,202.479,35.509,81.77,0.884,0
53,0.8833333333333333,628.153,201.473,37.075,78.976,0.891,0
54,0.9,263.5,215.115,45.324,101.343,0.91,1
54,0.9,342.033,212.104,42.313,93.891,0.903,1
54,0.9,502.481,201.115,45.879,75.691,0.896,1
54,0.9,526.551,204.052,40.151,73.986,0.889,1
54,0.9,558.498,201.122,36.55,83.828,0.879,0
55,0.9166666666666666,264.501,213.351,44.86,98.549,0.898,1
55,0.9166666666666666,341.915,211.525,44.522,96.678,0.898,1
55,0.9166666666666666,501.408,201.743,46.515,72.718,0.91,1
55,0.9166666666666666,526.905,204.378,39.992,76.788,0.887,1
55,0.9166666666666666,563.989,201.989,36.281,85.575,0.881,0
56,0.9333333333333333,265.5,214.5,43.355,101.187,0.905,1
56,0.9333333333333333,343.49,212.55,46.53,97.574,0.9,1
56,0.9333333333333333,503.998,201.107,46.536,71.615,0.893,1
56,0.9333333333333333,525.99,204.674,39.58,75.317,0.868,1
56,0.9333333333333333,565.973,202.544,34.457,85.38,0.881,0
57,0.95,265.072,213.853,44.745,96.538,0.899,1
57,0.95,347.033,212.59,42.781,96.852,0.913,1
57,0.95,504.46,201.067,45.877,75.759,0.901,1
57,0.95,526.084,204.508,40.012,76.504,0.882,1
57,0.95,570.462,202.227,34.606,83.014,0.884,0
58,0.9666666666666667,267.015,213.213,44.515,96.471,0.909,1
58,0.9666666666666667,347.082,212.793,46.714,96.268,0.901,1
58,0.9666666666666667,505.53,200.535,44.677,74.821,0.905,1
58,0.9666666666666667,524.46,204.811,40.143,74.17,0.892,1
58,0.9666666666666667,573.922,202.033,34.458,85.36,0.886,0
59,0.9833333333333333,267.982,214.208,42.946,100.22,0.891,1
59,0.9833333333333333,347.935,213.247,44.756,96.693,0.896,1
59,0.9833333333333333,505.47,201.235,46.109,75.844,0.9,1
59,0.9833333333333333,525.413,204.089,40.145,74.125,0.88,1
59,0.9833333333333333,578.502,200.479,34.682,83.651,0.883,0
60,1.0,269.063,213.601,44.753,96.652,0.905,1
60,1.0,350.123,213.5,44.446,93.297,0.903,1
60,1.0,506.98,200.68,43.871,77.041,0.914,1
60,1.0,524.527,204.747,39.505,77.466,0.89,1
60,1.0,582.091,203.091,36.626,82.198,0.893,0
61,1.0166666666666666,269.532,213.702,44.452,95.108,0.909,1
61,1.0166666666666666,351.535,212.791,46.52,94.911,0.906,1
61,1.0166666666666666,506.5,200.5,43.997,73.92,0.891,1
61,1.0166666666666666,523.554,204.797,40.138,74.291,0.879,1
61,1.0166666666666666,585.958,202.981,36.417,85.821,0.888,0
62,1.0333333333333334,270.412,213.183,44.837,98.067,0.904,1
62,1.0333333333333334,352.943,213.499,44.53,96.908,0.895,1
62,1.0333333333333334,507.953,200.733,44.958,73.872,0.904,1
62,1.0333333333333334,524.415,204.951,40.151,73.984,0.897,1
62,1.0333333333333334,590.476,202.976,35.701,79.909,0.902,0
63,1.05,271.91,214.595,46.5,96.395,0.896,1
63,1.05,353.98,212.468,42.785,96.909,0.904,1
63,1.05,508.5,201.5,45.922,72.918,0.897,1
63,1.05,523.5,204.5,40.703,73.983,0.891,1
63,1.05,593.556,202.112,37.496,80.384,0.878,0
64,1.0666666666666667,271.98,214.04,44.519,96.595,0.895,1
64,1.0666666666666667,354.508,212.497,46.808,97.854,0.897,1
64,1.0666666666666667,509.045,201.606,45.789,77.599,0.906,1
64,1.0666666666666667,523.0,205.502,41.927,76.968,0.878,1
64,1.0666666666666667,597.518,202.446,39.513,77.292,0.903,0
65,1.0833333333333333,271.923,213.132,44.892,99.387,0.903,1
65,1.0833333333333333,356.462,212.708,46.438,94.991,0.896,1
65,1.0833333333333333,509.901,201.426,45.378,76.616,0.896,1
65,1.0833333333333333,523.937,204.993,40.074,75.538,0.885,1
65,1.0833333333333333,600.44,202.8,35.719,75.11,0.897,0
66,1.1,275.019,213.424,40.383,93.864,0.906,1
66,1.1,358.521,212.237,46.433,94.899,0.9,1
66,1.1,509.989,201.676,43.132,72.992,0.909,1
66,1.1,523.544,204.867,40.144,74.154,0.886,1
66,1.1,603.95,202.849,35.14,78.273,0.89,0
67,1.1166666666666667,276.48,214.32,42.866,98.226,0.901,1
67,1.1166666666666667,359.519,213.154,44.832,97.956,0.904,1
67,1.1166666666666667,516.477,202.854,49.506,67.762,0.891,1
67,1.1166666666666667,607.532,203.024,35.092,79.416,0.893,0
68,1.1333333333333333,277.483,213.945,44.825,97.822,0.898,1
68,1.1333333333333333,360.983,213.369,44.634,96.595,0.907,1
68,1.1333333333333333,516.081,203.128,51.474,64.106,0.897,1
68,1.1333333333333333,611.59,202.133,35.687,75.873,0.889,0
69,1.15,278.043,214.444,42.442,93.823,0.904,1
69,1.15,362.983,213.369,44.634,96.595,0.906,1
69,1.15,516.222,203.618,47.67,67.613,0.9,1
69,1.15,615.54,203.715,37.134,76.457,0.891,0
71,1.1833333333333333,278.971,213.382,44.365,93.74,0.907,1
71,1.1833333333333333,366.5,212.5,46.829,98.337,0.9,1
71,1.1833333333333333,515.977,202.504,46.65,70.577,0.919,1
71,1.1833333333333333,619.962,203.485,33.544,81.069,0.889,0
72,1.2,279.985,213.787,44.515,96.471,0.912,1
72,1.2,366.399,213.449,44.007,89.929,0.908,1
72,1.2,515.648,203.211,49.265,70.072,0.921,1
72,1.2,623.035,205.016,35.708,77.406,0.903,0
74,1.2333333333333334,283.031,212.541,42.786,96.924,0.899,1
74,1.2333333333333334,370.443,213.16,44.432,94.745,0.898,1
74,1.2333333333333334,513.962,202.588,44.543,74.066,0.91,1
75,1.25,284.515,213.525,44.448,95.022,0.905,1
75,1.25,370.908,212.602,42.342,93.385,0.915,1
75,1.25,514.192,202.583,44.009,73.096,0.9,1
76,1.2666666666666666,286.046,213.611,44.356,93.611,0.889,1
76,1.2666666666666666,372.544,212.076,46.532,95.087,0.896,1
76,1.2666666666666666,513.582,202.296,43.964,75.113,0.908,1
77,1.2833333333333334,286.961,212.802,46.216,93.359,0.893,1
77,1.2833333333333334,374.538,213.3,44.105,90.907,0.897,1
77,1.2833333333333334,515.582,202.296,43.964,75.113,0.907,1
78,1.3,287.5,213.308,44.634,95.147,0.893,1
78,1.3,375.526,211.645,44.228,93.576,0.906,1
78,1.3,515.511,201.679,42.753,71.218,0.898,1
79,1.3166666666666667,288.57,213.374,44.455,95.148,0.889,1
79,1.3166666666666667,376.948,213.568,44.229,93.588,0.898,1
79,1.3166666666666667,510.98,213.816,18.994,91.454,0.825,0
79,1.3166666666666667,515.601,201.687,45.875,75.794,0.906,1
80,1.3333333333333333,290.057,213.31,44.222,93.427,0.892,1
80,1.3333333333333333,378.56,212.15,46.442,95.06,0.903,1
80,1.3333333333333333,510.528,219.744,34.12,93.432,0.909,0
80,1.3333333333333333,516.284,201.347,43.092,70.82,0.921,1
81,1.35,291.517,213.095,44.653,95.369,0.897,1
81,1.35,379.474,212.415,46.097,86.872,0.898,1
81,1.35,512.409,223.522,30.042,90.876,0.89,0
81,1.35,516.126,202.786,42.753,71.219,0.913,1
83,1.3833333333333333,292.518,212.399,42.081,90.813,0.908,1
83,1.3833333333333333,383.01,212.582,42.374,93.8,0.897,1
83,1.3833333333333333,517.066,202.177,44.567,73.592,0.918,1
83,1.3833333333333333,517.782,228.337,19.077,87.147,0.896,0
84,1.4,295.537,211.7,44.454,95.137,0.904,1
84,1.4,383.506,212.653,46.434,94.912,0.902,1
84,1.4,516.348,201.304,42.016,75.428,0.926,1
84,1.4,520.648,228.343,15.774,103.258,0.887,0
84,1.4,524.75,207.75,10.299,82.982,0.838,0
85,1.4166666666666667,295.5,213.5,44.468,95.4,0.897,1
85,1.4166666666666667,386.383,213.007,44.001,89.989,0.894,1
85,1.4166666666666667,515.436,202.208,44.0,73.737,0.915,1
85,1.4166666666666667,524.429,219.335,34.698,99.314,0.879,0
86,1.4333333333333333,297.51,212.904,42.696,95.759,0.897,1
86,1.4333333333333333,386.519,213.296,44.065,89.205,0.897,1
86,1.4333333333333333,517.286,203.188,43.037,71.977,0.894,1
86,1.4333333333333333,527.404,220.104,32.351,95.933,0.876,0
87,1.45,298.481,213.296,44.065,90.795,0.898,1
87,1.45,388.607,213.5,48.0,90.0,0.895,1
87,1.45,518.332,202.184,43.984,74.467,0.899,1
87,1.45,530.142,221.69,33.314,94.994,0.897,0
88,1.4666666666666666,298.509,212.604,46.053,90.637,0.888,1
88,1.4666666666666666,390.5,212.5,46.073,89.096,0.901,1
88,1.4666666666666666,517.818,204.159,43.91,76.344,0.915,1
88,1.4666666666666666,533.504,219.338,33.357,96.357,0.891,0
89,1.4833333333333334,301.449,212.318,42.401,85.82,0.907,1
89,1.4833333333333334,391.451,213.102,44.212,93.206,0.9,1
89,1.4833333333333334,518.105,205.475,45.598,76.984,0.882,1
89,1.4833333333333334,535.903,220.076,32.46,94.582,0.878,0
90,1.5,301.49,212.952,46.207,93.152,0.894,1
90,1.5,393.521,212.696,42.237,93.692,0.902,1
90,1.5,518.771,205.446,43.346,79.001,0.918,1
90,1.5,539.069,220.358,34.283,94.319,0.872,0
92,1.5333333333333334,304.396,213.047,46.005,89.898,0.902,1
92,1.5333333333333334,396.313,213.941,44.007,89.916,0.904,1
92,1.5333333333333334,521.25,206.056,41.515,75.309,0.857,1
92,1.5333333333333334,545.093,220.142,34.481,94.946,0.881,0
93,1.55,306.461,212.324,42.149,90.989,0.899,1
93,1.55,398.092,213.005,44.353,93.573,0.898,1
93,1.55,520.814,210.618,38.327,83.592,0.888,1
93,1.55,548.544,220.956,34.295,94.615,0.882,0
94,1.5666666666666667,307.474,213.505,44.31,93.025,0.897,1
94,1.5666666666666667,398.547,213.504,44.077,89.23,0.901,1
94,1.5666666666666667,521.636,209.182,31.277,77.112,0.824,1
94,1.5666666666666667,551.375,220.476,34.009,89.832,0.872,0
95,1.5833333333333333,308.947,213.18,44.342,93.428,0.898,1
95,1.5833333333333333,399.522,213.095,44.212,86.812,0.897,1
95,1.5833333333333333,522.167,212.3,28.415,82.768,0.889,1
95,1.5833333333333333,553.016,220.861,35.131,94.541,0.878,0
96,1.6,310.382,213.5,44.0,90.0,0.9,1
96,1.6,401.532,213.202,44.221,86.604,0.907,1
96,1.6,521.955,213.318,20.461,83.139,0.737,1
96,1.6,555.409,220.371,31.007,89.791,0.89,0
97,1.6166666666666667,310.966,213.333,44.36,93.672,0.905,1
97,1.6166666666666667,403.531,213.57,48.093,87.009,0.901,1
97,1.6166666666666667,524.115,213.5,24.445,82.814,0.876,1
97,1.6166666666666667,558.444,220.494,34.217,85.273,0.884,0
98,1.6333333333333333,312.486,212.935,46.422,94.687,0.897,1
98,1.6333333333333333,404.424,212.901,47.014,89.717,0.902,1
98,1.6333333333333333,523.3,214.3,12.254,83.979,0.65,1
98,1.6333333333333333,561.41,219.383,36.0,89.995,0.878,0
99,1.65,314.0,212.3,42.756,96.511,0.901,1
99,1.65,406.962,213.266,44.397,86.618,0.908,1
99,1.65,525.045,216.318,16.033,86.013,0.822,1
99,1.65,563.404,220.384,34.0,89.994,0.875,0
100,1.6666666666666667,198.571,219.929,8.046,93.287,0.707,1
100,1.6666666666666667,316.317,213.515,48.0,89.999,0.894,1
100,1.6666666666666667,406.974,212.4,46.215,86.652,0.896,1
100,1.6666666666666667,566.477,219.848,32.622,83.004,0.88,0
101,1.6833333333333333,199.655,216.545,16.192,94.583,0.67,1
101,1.6833333333333333,315.528,214.145,46.3,87.053,0.903,1
101,1.6833333333333333,408.483,212.648,46.048,89.425,0.895,1
101,1.6833333333333333,567.517,219.909,33.034,88.856,0.873,0
102,1.7,199.92,214.1,18.105,94.559,0.835,1
102,1.7,317.564,212.571,46.098,86.736,0.901,1
102,1.7,408.483,212.648,46.048,89.425,0.898,1
102,1.7,571.467,220.238,34.597,83.2,0.877,0
103,1.7166666666666666,201.108,215.162,19.105,97.834,0.733,1
103,1.7166666666666666,319.462,213.413,44.432,94.749,0.906,1
103,1.7166666666666666,412.442,212.561,42.11,88.873,0.908,1
103,1.7166666666666666,572.463,221.393,33.98,85.636,0.888,0
105,1.75,202.021,212.183,26.494,100.698,0.796,1
105,1.75,322.5,212.5,46.073,89.096,0.889,1
105,1.75,414.386,213.3,44.038,89.685,0.884,1
105,1.75,578.606,221.355,33.247,83.585,0.887,0
106,1.7666666666666666,202.082,209.925,33.384,99.819,0.923,1
106,1.7666666666666666,323.533,212.789,46.21,93.222,0.902,1
106,1.7666666666666666,416.5,212.5,42.636,84.918,0.908,1
106,1.7666666666666666,581.542,219.773,33.037,88.722,0.877,0
107,1.7833333333333334,203.0,208.738,33.982,103.343,0.843,1
107,1.7833333333333334,325.46,213.255,44.221,93.407,0.898,1
107,1.7833333333333334,416.598,212.493,42.015,90.149,0.897,1
107,1.7833333333333334,583.013,220.494,34.302,85.206,0.886,0
108,1.8,204.444,206.591,41.006,101.22,0.866,1
108,1.8,327.48,213.304,44.227,93.551,0.908,1
108,1.8,417.529,211.121,44.238,93.84,0.901,1
108,1.8,585.601,221.918,33.002,89.945,0.879,0
109,1.8166666666666667,204.587,204.991,38.324,102.918,0.901,1
109,1.8166666666666667,329.494,212.449,46.098,86.697,0.896,1
109,1.8166666666666667,419.509,212.754,42.231,86.446,0.897,1
109,1.8166666666666667,587.144,221.208,31.228,85.26,0.893,0
110,1.8333333333333333,205.197,204.617,41.261,104.174,0.874,1
110,1.8333333333333333,330.443,212.409,46.01,90.121,0.907,1
110,1.8333333333333333,420.945,212.454,46.317,86.843,0.902,1
110,1.8333333333333333,589.502,222.004,33.367,83.184,0.887,0
111,1.85,205.167,203.976,37.937,105.578,0.913,1
111,1.85,331.553,212.611,42.361,93.63,0.905,1
111,1.85,421.496,212.646,46.218,86.585,0.902,1
111,1.85,535.159,226.348,24.946,86.167,0.823,0
111,1.85,591.518,221.549,32.636,82.743,0.879,0
112,1.8666666666666667,207.029,203.596,41.493,103.584,0.881,1
112,1.8666666666666667,332.976,213.36,44.283,86.559,0.899,1
112,1.8666666666666667,423.98,212.782,42.299,86.344,0.894,1
112,1.8666666666666667,536.319,222.83,28.265,86.325,0.789,0
112,1.8666666666666667,593.472,220.532,34.719,79.752,0.888,0
113,1.8833333333333333,208.166,202.7,41.501,103.917,0.894,1
113,1.8833333333333333,333.528,213.604,44.103,86.511,0.889,1
113,1.8833333333333333,424.951,213.661,44.359,86.34,0.898,1
113,1.8833333333333333,538.607,220.969,32.215,87.064,0.924,0
113,1.8833333333333333,595.071,220.677,30.495,85.058,0.893,0
114,1.9,206.445,201.544,38.224,105.934,0.911,1
114,1.9,336.519,212.708,46.036,89.235,0.896,1
114,1.9,426.612,213.752,44.001,89.985,0.895,1
114,1.9,540.043,221.073,32.396,85.161,0.889,0
114,1.9,596.498,221.377,33.15,78.953,0.895,0
115,1.9166666666666667,209.099,202.789,42.095,106.901,0.899,1
115,1.9166666666666667,336.625,212.838,46.001,90.065,0.891,1
115,1.9166666666666667,427.415,213.497,41.241,86.258,0.902,1
115,1.9166666666666667,543.506,222.382,34.475,83.285,0.894,0
115,1.9166666666666667,598.475,222.093,33.249,82.869,0.881,0
116,1.9333333333333333,207.006,203.101,41.5,103.871,0.922,1
116,1.9333333333333333,340.064,211.589,44.227,86.454,0.896,1
116,1.9333333333333333,429.54,212.815,46.21,86.769,0.903,1
116,1.9333333333333333,546.521,220.442,35.703,79.752,0.895,0
116,1.9333333333333333,600.502,221.568,32.379,82.975,0.876,0
117,1.95,207.013,202.962,44.003,106.454,0.914,1
117,1.95,339.551,213.271,44.22,86.617,0.9,1
117,1.95,431.031,212.459,42.786,83.076,0.905,1
117,1.95,550.028,220.995,31.139,79.739,0.887,0
117,1.95,602.083,222.74,34.377,81.388,0.881,0
118,1.9666666666666666,208.017,203.36,42.688,107.131,0.92,1
118,1.9666666666666666,342.483,213.4,44.074,89.263,0.896,1
118,1.9666666666666666,432.084,213.49,44.348,86.485,0.9,1
118,1.9666666666666666,551.992,219.988,33.755,77.164,0.893,0
118,1.9666666666666666,602.517,221.807,29.303,77.6,0.899,0
119,1.9833333333333334,208.132,202.387,42.959,104.04,0.915,1
119,1.9833333333333334,343.435,212.467,46.348,86.432,0.906,1
119,1.9833333333333334,432.424,211.671,44.859,81.482,0.913,1
119,1.9833333333333334,554.876,221.243,32.714,80.973,0.892,0
119,1.9833333333333334,604.944,221.162,32.401,80.939,0.891,0
120,2.0,208.566,202.905,41.522,105.836,0.923,1
120,2.0,344.892,213.5,44.219,86.638,0.894,1
120,2.0,434.02,212.59,42.347,86.546,0.906,1
120,2.0,557.986,220.224,31.413,80.188,0.897,0
120,2.0,606.063,222.158,31.847,75.22,0.9,0
121,2.0166666666666666,209.15,202.568,44.962,106.432,0.919,1
121,2.0166666666666666,346.568,212.834,46.444,84.893,0.9,1
121,2.0166666666666666,435.49,212.308,42.552,84.852,0.907,1
121,2.0166666666666666,560.996,221.188,33.14,85.052,0.891,0
121,2.0166666666666666,607.071,222.05,33.98,76.942,0.892,0
122,2.033333333333333,208.665,202.501,45.272,108.374,0.92,1
122,2.033333333333333,347.485,213.235,44.328,86.751,0.899,1
122,2.033333333333333,436.005,212.565,42.789,83.033,0.894,1
122,2.033333333333333,563.013,221.991,32.47,85.286,0.889,0
122,2.033333333333333,607.962,223.262,28.828,79.364,0.879,0
123,2.05,209.101,202.12,44.01,107.177,0.914,1
123,2.05,348.909,212.04,46.186,87.299,0.898,1
123,2.05,438.011,213.5,40.39,86.044,0.906,1
123,2.05,566.094,221.686,32.721,80.771,0.886,0
123,2.05,607.991,222.459,31.758,76.631,0.9,0
124,2.066666666666667,210.271,202.306,44.009,107.001,0.905,1
124,2.066666666666667,351.075,213.603,48.473,84.024,0.899,1
124,2.066666666666667,439.5,213.5,44.468,84.6,0.891,1
124,2.066666666666667,568.519,222.083,33.736,79.719,0.894,0
124,2.066666666666667,610.441,222.502,31.238,77.987,0.891,0
125,2.0833333333333335,211.052,202.462,43.436,106.504,0.895,1
125,2.0833333333333335,352.054,212.907,46.211,86.743,0.902,1
125,2.0833333333333335,440.049,211.794,44.217,86.695,0.9,1
125,2.0833333333333335,571.047,221.638,33.25,76.3,0.894,0
125,2.0833333333333335,610.454,221.976,28.861,78.177,0.9,0
126,2.1,209.218,203.114,46.262,108.843,0.931,1
126,2.1,353.493,212.908,46.259,85.264,0.908,1
126,2.1,441.014,213.301,44.72,83.81,0.906,1
126,2.1,573.483,221.882,29.635,77.588,0.884,0
126,2.1,610.466,221.947,28.864,78.076,0.902,0
127,2.1166666666666667,208.732,203.958,45.993,109.536,0.933,1
127,2.1166666666666667,355.441,211.696,44.453,84.874,0.904,1
127,2.1166666666666667,442.092,213.995,44.353,86.427,0.897,1
127,2.1166666666666667,575.904,222.457,31.8,75.988,0.901,0
127,2.1166666666666667,612.057,221.974,32.858,81.214,0.899,0
128,2.1333333333333333,208.692,204.261,46.019,111.061,0.922,1
128,2.1333333333333333,356.483,212.142,46.436,85.045,0.897,1
128,2.1333333333333333,443.98,213.42,44.524,83.28,0.894,1
128,2.1333333333333333,577.919,223.06,33.702,76.658,0.906,0
128,2.1333333333333333,612.553,221.663,28.851,81.998,0.89,0
129,2.15,208.876,202.835,49.102,111.888,0.923,1
129,2.15,358.967,212.5,46.22,86.545,0.892,1
129,2.15,444.36,212.703,42.858,81.912,0.909,1
129,2.15,580.591,221.736,34.237,75.226,0.901,0
129,2.15,613.139,223.435,29.416,74.764,0.897,0
130,2.1666666666666665,209.073,203.17,49.461,110.963,0.925,1
130,2.1666666666666665,359.5,213.5,44.441,85.087,0.909,1
130,2.1666666666666665,445.888,214.227,46.517,83.016,0.899,1
130,2.1666666666666665,583.482,220.482,34.719,79.758,0.893,0
130,2.1666666666666665,613.907,222.773,31.803,76.15,0.891,0
131,2.183333333333333,209.394,203.218,47.892,115.219,0.905,1
131,2.183333333333333,361.971,213.02,44.626,83.568,0.903,1
131,2.183333333333333,447.034,213.28,44.751,83.376,0.894,1
131,2.183333333333333,585.244,221.702,33.976,77.325,0.899,0
131,2.183333333333333,612.49,223.08,35.716,75.177,0.896,0
132,2.2,207.812,203.532,46.992,107.34,0.914,1
132,2.2,362.5,212.818,46.427,85.211,0.906,1
132,2.2,448.947,213.529,44.916,79.692,0.904,1
132,2.2,586.94,221.232,33.878,72.241,0.896,0
132,2.2,613.54,221.493,30.097,76.354,0.908,0
133,2.216666666666667,201.61,204.915,38.258,106.663,0.889,1
133,2.216666666666667,214.396,202.667,44.01,108.034,0.9,1
133,2.216666666666667,364.0,212.37,46.714,83.725,0.908,1
133,2.216666666666667,449.983,212.659,46.277,83.776,0.901,1
133,2.216666666666667,588.991,222.026,32.626,71.509,0.906,0
133,2.216666666666667,614.472,222.661,31.361,73.584,0.892,0
134,2.2333333333333334,209.783,203.179,49.894,112.326,0.905,1
134,2.2333333333333334,364.953,212.79,46.361,86.251,0.906,1
134,2.2333333333333334,449.875,213.311,41.042,83.068,0.895,1
134,2.2333333333333334,590.906,220.869,36.163,73.978,0.909,0
134,2.2333333333333334,613.902,222.92,31.805,76.332,0.891,0
135,2.25,201.11,205.131,39.762,110.906,0.894,1
135,2.25,216.563,200.887,43.975,105.225,0.902,1
135,2.25,367.486,212.016,46.584,85.328,0.887,1
135,2.25,452.076,214.513,46.869,80.488,0.894,1
135,2.25,593.0,222.013,32.644,71.159,0.906,0
135,2.25,613.541,223.082,29.635,77.497,0.892,0
136,2.2666666666666666,201.572,204.4,39.591,105.295,0.886,1
136,2.2666666666666666,218.09,202.389,44.009,106.987,0.892,1
136,2.2666666666666666,369.538,212.875,44.821,82.239,0.901,1
136,2.2666666666666666,452.53,213.449,44.8,82.622,0.909,1
136,2.2666666666666666,594.544,221.5,29.26,78.369,0.918,0
136,2.2666666666666666,612.433,223.488,30.411,72.356,0.896,0
137,2.283333333333333,200.195,203.915,39.077,104.307,0.886,1
137,2.283333333333333,218.473,201.515,45.898,104.942,0.897,1
137,2.283333333333333,371.057,213.024,45.061,80.492,0.899,1
137,2.283333333333333,452.968,213.415,44.914,79.8,0.894,1
137,2.283333333333333,596.014,221.76,31.342,74.971,0.895,0
137,2.283333333333333,612.031,222.472,27.661,79.346,0.914,0
138,2.3,200.643,205.068,39.294,108.879,0.892,1
138,2.3,218.549,200.511,43.383,101.802,0.898,1
138,2.3,372.538,212.476,46.822,81.845,0.895,1
138,2.3,455.005,213.736,44.516,83.494,0.908,1
138,2.3,597.632,221.171,33.268,75.36,0.918,0
138,2.3,612.852,222.956,30.067,70.599,0.906,0
139,2.316666666666667,199.583,204.18,40.132,105.571,0.884,1
139,2.316666666666667,219.418,202.296,43.964,104.887,0.911,1
139,2.316666666666667,372.516,212.26,46.817,81.958,0.901,1
139,2.316666666666667,454.559,213.312,44.443,85.059,0.905,1
139,2.316666666666667,599.507,220.912,31.251,77.72,0.907,0
139,2.316666666666667,612.541,222.432,31.361,73.639,0.883,0
140,2.3333333333333335,201.129,204.391,40.771,107.028,0.9,1
140,2.3333333333333335,219.942,201.115,45.905,105.216,0.907,1
140,2.3333333333333335,375.91,212.405,46.5,83.605,0.901,1
140,2.3333333333333335,456.52,214.216,42.873,81.636,0.902,1
140,2.3333333333333335,600.069,221.97,33.573,72.312,0.906,0
141,2.35,200.549,204.698,40.14,105.75,0.888,1
141,2.35,221.012,201.462,45.921,106.344,0.905,1
141,2.35,376.483,212.557,46.259,85.273,0.895,1
141,2.35,456.81,213.672,45.229,80.458,0.906,1
141,2.35,602.964,222.647,32.623,71.58,0.908,0
142,2.3666666666666667,200.451,203.712,41.214,101.582,0.88,1
142,2.3666666666666667,221.573,200.586,43.971,105.113,0.908,1
142,2.3666666666666667,379.062,212.567,46.498,83.667,0.897,1
142,2.3666666666666667,458.596,213.332,41.459,77.43,0.902,1
142,2.3666666666666667,602.512,222.29,31.653,73.183,0.911,0
143,2.3833333333333333,199.457,205.019,37.03,99.98,0.875,1
143,2.3833333333333333,220.44,201.264,45.91,101.22,0.895,1
143,2.3833333333333333,380.348,212.579,46.004,89.916,0.896,1
143,2.3833333333333333,458.98,214.32,43.259,80.419,0.907,1
143,2.3833333333333333,604.727,222.828,30.122,70.531,0.914,0
144,2.4,199.938,203.993,40.081,104.584,0.895,1
144,2.4,223.019,201.115,45.354,102.221,0.908,1
144,2.4,382.033,212.5,46.22,86.545,0.896,1
144,2.4,460.48,212.884,42.88,81.507,0.908,1
144,2.4,604.389,223.192,29.781,71.319,0.926,0
145,2.4166666666666665,200.034,204.406,39.392,100.594,0.89,1
145,2.4166666666666665,223.061,200.969,43.996,106.036,0.906,1
145,2.4166666666666665,383.479,213.031,44.808,82.475,0.899,1
145,2.4166666666666665,461.53,214.157,42.882,81.455,0.892,1
145,2.4166666666666665,606.38,222.415,31.364,72.949,0.905,0
146,2.433333333333333,201.021,204.5,39.576,104.494,0.877,1
146,2.433333333333333,225.07,201.88,45.905,105.228,0.907,1
146,2.433333333333333,384.526,213.599,44.929,82.605,0.905,1
146,2.433333333333333,463.49,214.696,43.14,81.915,0.901,1
146,2.433333333333333,607.873,223.518,30.437,70.982,0.929,0
147,2.45,200.013,205.096,42.081,106.286,0.881,1
147,2.45,223.865,201.4,45.82,102.958,0.903,1
147,2.45,386.113,214.208,47.168,80.975,0.904,1
147,2.45,463.512,213.947,47.666,78.834,0.908,1
147,2.45,607.443,223.463,30.405,73.373,0.919,0
148,2.466666666666667,199.923,204.495,40.784,107.256,0.895,1
148,2.466666666666667,226.109,200.754,44.593,106.985,0.903,1
148,2.466666666666667,386.5,213.5,44.868,81.266,0.893,1
148,2.466666666666667,464.5,214.5,42.847,82.122,0.903,1
148,2.466666666666667,547.211,213.184,19.988,87.98,0.609,0
148,2.466666666666667,609.722,223.15,29.158,72.702,0.893,0
149,2.4833333333333334,200.5,204.5,39.961,102.801,0.894,1
149,2.4833333333333334,228.012,201.516,45.771,102.114,0.907,1
149,2.4833333333333334,388.427,212.757,47.259,79.325,0.905,1
149,2.4833333333333334,465.369,212.783,43.375,78.38,0.899,1
149,2.4833333333333334,549.189,207.05,32.153,92.674,0.824,0
149,2.4833333333333334,610.967,226.2,25.005,76.243,0.835,0
150,2.5,200.079,204.442,36.296,105.852,0.892,1
150,2.5,226.968,200.786,43.91,99.53,0.907,1
150,2.5,390.064,213.133,46.84,81.406,0.903,1
150,2.5,465.5,212.5,42.465,84.811,0.894,1
150,2.5,552.506,208.385,34.299,85.281,0.875,0
150,2.5,613.271,231.508,20.014,84.963,0.888,0
151,2.5166666666666666,199.542,203.726,42.042,105.139,0.89,1
151,2.5166666666666666,228.491,200.491,43.996,106.068,0.9,1
151,2.5166666666666666,392.02,212.631,43.254,80.488,0.908,1
151,2.5166666666666666,466.531,215.012,45.545,82.077,0.897,1
151,2.5166666666666666,556.415,206.746,30.319,85.145,0.882,0
151,2.5166666666666666,616.333,231.5,8.0,90.0,0.801,0
152,2.533333333333333,199.46,204.447,40.697,105.94,0.894,1
152,2.533333333333333,230.112,200.704,44.602,107.209,0.906,1
152,2.533333333333333,393.483,212.505,43.171,81.557,0.9,1
152,2.533333333333333,468.403,213.732,45.297,79.247,0.896,1
152,2.533333333333333,559.529,207.746,32.115,88.574,0.88,0
153,2.55,200.993,204.062,39.407,100.815,0.889,1
153,2.55,229.964,201.105,45.907,105.357,0.901,1
153,2.55,395.469,211.742,45.112,82.009,0.898,1
153,2.55,469.025,214.116,42.941,79.966,0.904,1
153,2.55,563.923,206.172,30.548,84.348,0.878,0
154,2.566666666666667,200.619,203.622,38.246,106.398,0.885,1
154,2.566666666666667,230.993,200.314,43.872,102.975,0.908,1
154,2.566666666666667,397.519,212.971,45.728,78.502,0.903,1
154,2.566666666666667,470.02,214.68,43.259,80.419,0.91,1
154,2.566666666666667,568.493,208.067,31.146,94.864,0.882,0
155,2.5833333333333335,200.374,204.825,40.144,105.845,0.881,1
155,2.5833333333333335,233.5,201.382,45.867,103.989,0.914,1
155,2.5833333333333335,397.993,211.554,45.177,81.197,0.901,1
155,2.5833333333333335,470.487,213.452,44.93,78.682,0.891,1
155,2.5833333333333335,571.558,207.417,32.189,88.348,0.897,0
156,2.6,201.925,204.253,40.182,106.933,0.895,1
156,2.6,234.518,201.463,45.676,100.815,0.92,1
156,2.6,398.926,212.704,47.181,80.787,0.914,1
156,2.6,472.02,214.68,43.259,80.419,0.917,1
156,2.6,575.5,207.5,32.63,82.857,0.896,0
157,2.6166666666666667,201.925,204.253,40.182,106.933,0.888,1
157,2.6166666666666667,234.684,199.428,45.72,101.38,0.906,1
157,2.6166666666666667,400.85,211.704,45.244,80.207,0.908,1
157,2.6166666666666667,472.417,214.333,42.961,79.147,0.907,1
157,2.6166666666666667,578.519,207.455,32.29,94.347,0.88,0
158,2.6333333333333333,200.446,204.602,43.966,104.946,0.886,1
158,2.6333333333333333,236.527,199.546,45.896,104.88,0.899,1
158,2.6333333333333333,402.5,213.5,45.67,79.256,0.912,1
158,2.6333333333333333,473.14,215.341,45.824,76.97,0.904,1
158,2.6333333333333333,582.506,207.447,32.385,82.656,0.866,0
159,2.65,200.814,204.296,40.051,103.561,0.89,1
159,2.65,237.916,200.55,47.309,102.256,0.899,1
159,2.65,403.464,213.5,48.765,82.646,0.901,1
159,2.65,473.652,214.116,43.381,78.24,0.902,1
159,2.65,585.388,206.363,30.668,82.458,0.897,0
161,2.683333333333333,200.864,203.383,41.458,102.546,0.887,1
161,2.683333333333333,239.588,199.837,41.468,102.806,0.902,1
161,2.683333333333333,407.84,212.33,47.303,78.011,0.907,1
161,2.683333333333333,475.065,216.268,43.121,79.85,0.896,1
161,2.683333333333333,592.113,208.259,30.769,80.183,0.883,0
162,2.7,201.419,203.446,41.415,101.587,0.895,1
162,2.7,240.614,199.757,45.299,100.791,0.893,1
162,2.7,407.481,213.154,44.832,82.044,0.9,1
162,2.7,476.048,214.131,43.425,76.951,0.899,1
162,2.7,596.49,207.966,29.284,81.508,0.878,0
163,2.716666666666667,203.0,203.211,42.096,106.981,0.88,1
163,2.716666666666667,241.344,200.445,47.801,103.772,0.905,1
163,2.716666666666667,410.385,211.885,44.84,81.877,0.897,1
163,2.716666666666667,476.965,214.663,43.873,77.005,0.902,1
163,2.716666666666667,545.257,214.943,19.982,87.528,0.618,0
163,2.716666666666667,598.973,208.587,30.511,84.856,0.892,0
164,2.7333333333333334,202.01,202.877,39.402,100.738,0.886,1
164,2.7333333333333334,242.96,200.43,45.147,102.907,0.905,1
164,2.7333333333333334,412.022,212.615,43.262,80.373,0.908,1
164,2.7333333333333334,476.85,213.704,45.244,80.207,0.904,1
164,2.7333333333333334,546.926,209.973,31.546,84.307,0.893,0
164,2.7333333333333334,601.468,209.215,32.652,82.435,0.881,0
165,2.75,202.432,202.445,39.497,102.368,0.888,1
165,2.75,246.041,199.579,44.917,100.336,0.893,1
165,2.75,413.096,213.115,44.893,80.59,0.896,1
165,2.75,477.947,213.883,40.998,79.124,0.893,1
165,2.75,550.443,207.95,31.265,82.179,0.876,0
165,2.75,604.991,209.931,31.584,80.132,0.888,0
166,2.7666666666666666,205.0,203.441,42.014,104.52,0.905,1
166,2.7666666666666666,245.138,199.753,45.824,103.039,0.905,1
166,2.7666666666666666,414.615,213.596,45.7,78.874,0.903,1
166,2.7666666666666666,479.488,214.459,43.368,78.534,0.899,1
166,2.7666666666666666,553.037,207.15,31.238,84.86,0.89,0
166,2.7666666666666666,607.589,208.621,30.818,78.212,0.889,0
167,2.783333333333333,204.072,202.738,44.6,107.14,0.905,1
167,2.783333333333333,246.407,200.355,47.649,100.932,0.897,1
167,2.783333333333333,415.95,212.827,42.942,79.915,0.902,1
167,2.783333333333333,480.488,215.571,44.931,78.558,0.885,1
167,2.783333333333333,557.449,208.338,30.681,82.206,0.888,0
167,2.783333333333333,611.093,208.239,31.292,76.704,0.894,0
168,2.8,203.964,202.5,43.433,103.42,0.903,1
168,2.8,247.343,199.873,45.861,103.827,0.917,1
168,2.8,418.5,212.5,46.891,78.828,0.908,1
168,2.8,479.5,214.5,43.17,81.571,0.912,1
168,2.8,562.009,207.968,32.048,75.438,0.9,0
168,2.8,613.972,208.962,30.948,80.012,0.892,0
170,2.8333333333333335,204.5,203.5,41.021,102.216,0.903,1
170,2.8333333333333335,250.519,199.115,45.879,104.309,0.904,1
170,2.8333333333333335,419.921,213.515,45.376,76.81,0.897,1
170,2.8333333333333335,481.975,214.884,42.941,79.966,0.895,1
170,2.8333333333333335,570.926,207.417,32.712,81.049,0.891,0
170,2.8333333333333335,618.9,208.13,34.672,81.497,0.892,0
171,2.85,203.902,203.554,45.375,103.14,0.895,1
171,2.85,252.505,200.39,43.753,101.304,0.913,1
171,2.85,421.568,212.169,47.249,79.534,0.902,1
171,2.85,481.429,214.631,43.381,78.245,0.898,1
171,2.85,574.357,207.934,31.788,78.809,0.892,0
171,2.85,619.414,208.441,30.814,78.442,0.884,0
172,2.8666666666666667,204.5,203.08,44.517,105.485,0.903,1
172,2.8666666666666667,251.942,199.115,45.905,105.216,0.909,1
172,2.8666666666666667,423.081,213.03,47.276,78.893,0.906,1
172,2.8666666666666667,483.477,213.505,41.248,80.916,0.898,1
172,2.8666666666666667,576.92,209.146,32.86,81.175,0.9,0
172,2.8666666666666667,622.991,210.571,31.343,74.89,0.888,0
173,2.8833333333333333,206.942,203.673,44.91,100.036,0.896,1
173,2.8833333333333333,254.5,199.5,42.038,105.042,0.914,1
173,2.8833333333333333,424.594,213.358,45.306,79.056,0.903,1
173,2.8833333333333333,482.5,213.5,44.868,81.266,0.892,1
173,2.8833333333333333,581.479,208.479,30.823,77.907,0.896,0
173,2.8833333333333333,624.965,209.239,28.826,79.423,0.891,0
174,2.9,206.419,202.116,43.976,105.255,0.904,1
174,2.9,255.432,199.704,45.874,104.171,0.904,1
174,2.9,425.43,212.41,43.135,81.967,0.908,1
174,2.9,484.929,215.564,44.916,79.708,0.898,1
174,2.9,583.47,208.017,32.969,78.609,0.908,0
174,2.9,627.53,208.691,30.81,78.69,0.888,0
175,2.9166666666666665,205.913,202.015,43.902,103.495,0.902,1
175,2.9166666666666665,257.5,199.5,45.298,100.774,0.902,1
175,2.9166666666666665,427.533,213.073,45.324,78.637,0.903,1
175,2.9166666666666665,484.544,216.415,43.75,78.313,0.899,1
175,2.9166666666666665,587.543,208.52,30.82,78.139,0.888,0
175,2.9166666666666665,627.996,209.42,33.248,76.354,0.895,0
176,2.933333333333333,207.5,202.5,43.355,101.187,0.9,1
176,2.933333333333333,258.861,199.492,45.228,99.534,0.896,1
176,2.933333333333333,428.494,213.42,45.673,79.22,0.909,1
176,2.933333333333333,484.545,215.495,42.213,77.648,0.909,1
176,2.933333333333333,591.507,208.791,31.216,78.431,0.895,0
177,2.95,208.01,203.176,43.91,103.645,0.903,1
177,2.95,259.883,199.239,45.908,105.383,0.9,1
177,2.95,429.99,213.058,45.351,77.88,0.902,1
177,2.95,486.48,214.884,42.88,81.507,0.904,1
177,2.95,595.154,208.253,31.323,75.746,0.897,0
178,2.966666666666667,208.389,202.372,43.397,102.156,0.906,1
178,2.966666666666667,261.503,198.45,47.275,101.086,0.896,1
178,2.966666666666667,431.496,213.451,46.369,75.76,0.913,1
178,2.966666666666667,485.985,214.5,42.958,79.317,0.899,1
178,2.966666666666667,598.454,208.371,31.195,78.807,0.909,0
179,2.9833333333333334,210.015,202.405,42.952,100.433,0.895,1
179,2.9833333333333334,263.829,200.822,47.299,101.821,0.903,1
179,2.9833333333333334,433.024,213.647,45.774,77.827,0.908,1
179,2.9833333333333334,486.086,215.247,42.745,71.485,0.909,1
179,2.9833333333333334,600.498,209.662,32.758,79.435,0.901,0
193,3.216666666666667,219.531,200.892,42.879,98.473,0.901,1
193,3.216666666666667,284.048,198.73,47.693,101.573,0.9,1
193,3.216666666666667,449.957,213.091,45.357,77.683,0.895,1
193,3.216666666666667,492.453,215.45,38.25,73.53,0.885,1
193,3.216666666666667,530.656,220.398,29.113,92.794,0.808,0
194,3.2333333333333334,221.029,200.445,43.862,102.805,0.905,1
194,3.2333333333333334,286.981,197.756,45.539,99.336,0.901,1
194,3.2333333333333334,451.033,213.334,45.189,81.033,0.905,1
194,3.2333333333333334,491.97,215.287,40.971,79.987,0.87,1
194,3.2333333333333334,531.626,222.543,30.008,90.15,0.87,0
195,3.25,220.065,201.111,41.727,100.613,0.903,1
195,3.25,288.019,198.453,46.869,99.542,0.897,1
195,3.25,452.524,213.46,44.928,78.889,0.891,1
195,3.25,493.042,214.962,39.402,79.257,0.879,1
195,3.25,535.513,222.96,31.041,91.433,0.876,0
196,3.2666666666666666,221.942,201.115,45.905,105.216,0.909,1
196,3.2666666666666666,289.882,199.839,45.367,102.72,0.898,1
196,3.2666666666666666,454.013,214.099,43.422,77.043,0.907,1
196,3.2666666666666666,493.554,216.338,42.588,81.229,0.877,1
196,3.2666666666666666,537.644,222.954,27.001,90.085,0.874,0
197,3.283333333333333,222.605,199.76,45.719,100.864,0.894,1
197,3.283333333333333,290.5,198.5,42.847,97.878,0.903,1
197,3.283333333333333,454.022,214.369,43.867,77.112,0.91,1
197,3.283333333333333,492.883,216.773,41.959,76.477,0.885,1
197,3.283333333333333,540.493,223.438,28.371,95.897,0.866,0
198,3.3,222.444,200.662,43.001,98.108,0.895,1
198,3.3,292.5,199.5,44.794,97.285,0.912,1
198,3.3,455.465,213.489,45.862,76.133,0.912,1
198,3.3,494.481,215.475,42.06,74.374,0.89,1
198,3.3,543.682,223.458,30.0,89.847,0.881,0
199,3.316666666666667,224.866,202.347,43.31,100.368,0.905,1
199,3.316666666666667,293.466,198.98,47.631,100.691,0.901,1
199,3.316666666666667,457.108,213.5,45.376,76.767,0.893,1
199,3.316666666666667,492.856,214.747,39.557,76.169,0.872,1
199,3.316666666666667,546.601,223.333,29.983,94.751,0.881,0
200,3.3333333333333335,225.444,201.372,45.308,100.989,0.903,1
200,3.3333333333333335,296.019,198.453,46.869,99.542,0.9,1
200,3.3333333333333335,456.9,213.22,46.716,74.444,0.905,1
200,3.3333333333333335,494.447,215.184,41.409,78.513,0.877,1
200,3.3333333333333335,549.395,223.024,29.008,89.762,0.872,0
201,3.35,225.964,200.253,42.805,97.201,0.903,1
201,3.35,298.449,198.091,46.795,97.602,0.898,1
201,3.35,459.01,214.986,46.186,74.244,0.9,1
201,3.35,494.119,216.205,39.56,76.075,0.876,1
201,3.35,553.395,223.024,29.008,89.762,0.872,0
202,3.3666666666666667,228.158,199.742,45.248,99.853,0.904,1
202,3.3666666666666667,299.568,198.789,47.257,100.624,0.908,1
202,3.3666666666666667,459.892,213.5,45.376,76.767,0.893,1
202,3.3666666666666667,492.899,216.035,43.872,77.034,0.884,1
202,3.3666666666666667,556.03,223.355,28.813,100.199,0.886,0
203,3.3833333333333333,228.5,201.402,44.863,98.607,0.899,1
203,3.3833333333333333,301.009,198.841,46.853,98.978,0.911,1
203,3.3833333333333333,461.362,212.897,43.397,77.833,0.901,1
203,3.3833333333333333,494.473,215.62,41.012,78.445,0.879,1
203,3.3833333333333333,559.507,223.043,29.045,88.411,0.874,0
205,3.4166666666666665,231.5,200.5,43.17,98.429,0.91,1
205,3.4166666666666665,305.513,198.024,45.332,101.551,0.907,1
205,3.4166666666666665,464.035,213.377,45.921,73.525,0.899,1
205,3.4166666666666665,495.566,216.914,40.15,74.005,0.878,1
205,3.4166666666666665,564.49,222.367,27.171,95.953,0.886,0
206,3.433333333333333,231.659,200.732,43.373,101.558,0.908,1
206,3.433333333333333,307.489,198.61,47.262,100.752,0.892,1
206,3.433333333333333,464.376,213.311,45.522,78.623,0.897,1
206,3.433333333333333,495.475,215.522,38.859,72.968,0.891,1
206,3.433333333333333,567.455,222.376,30.532,82.578,0.897,0
207,3.45,233.51,200.654,46.801,97.724,0.908,1
207,3.45,309.043,198.491,42.79,96.982,0.904,1
207,3.45,464.88,214.654,44.6,72.856,0.905,1
207,3.45,495.49,215.589,41.454,77.557,0.887,1
207,3.45,569.099,224.133,29.247,84.824,0.884,0
208,3.466666666666667,234.895,200.712,43.253,99.493,0.912,1
208,3.466666666666667,310.15,197.753,45.24,99.728,0.904,1
208,3.466666666666667,466.515,212.562,42.966,78.909,0.896,1
208,3.466666666666667,496.0,216.028,39.405,79.212,0.881,1
208,3.466666666666667,517.904,224.337,27.0,90.015,0.825,0
208,3.466666666666667,572.079,223.655,28.815,79.751,0.882,0
209,3.4833333333333334,237.03,200.259,42.885,96.68,0.902,1
209,3.4833333333333334,313.081,197.988,45.552,99.449,0.895,1
209,3.4833333333333334,467.988,214.32,43.873,77.003,0.9,1
209,3.4833333333333334,496.0,216.028,40.845,71.55,0.892,1
209,3.4833333333333334,519.605,224.24,28.65,83.021,0.884,0
209,3.4833333333333334,573.505,223.495,28.59,81.506,0.895,0
210,3.5,236.979,200.45,46.872,99.645,0.904,1
210,3.5,314.568,197.707,44.837,98.052,0.905,1
210,3.5,468.056,214.116,43.425,76.927,0.902,1
210,3.5,495.536,215.337,41.52,74.811,0.873,1
210,3.5,521.613,223.433,29.001,90.026,0.878,0
210,3.5,578.005,223.675,28.355,84.502,0.887,0
211,3.5166666666666666,239.531,199.84,45.327,101.433,0.904,1
211,3.5166666666666666,317.472,198.353,46.524,97.267,0.891,1
211,3.5166666666666666,469.567,214.108,47.781,76.771,0.9,1
211,3.5166666666666666,495.505,216.555,40.856,71.298,0.903,1
211,3.5166666666666666,524.455,223.324,29.154,85.052,0.882,0
211,3.5166666666666666,579.477,222.909,31.047,91.746,0.884,0
213,3.55,240.99,200.55,43.247,99.409,0.905,1
213,3.55,320.559,197.548,48.78,97.665,0.891,1
213,3.55,471.84,212.541,43.891,76.692,0.912,1
213,3.55,495.0,216.25,39.584,75.094,0.867,1
213,3.55,530.505,223.436,28.608,80.953,0.866,0
213,3.55,585.452,223.029,29.04,88.633,0.869,0
214,3.566666666666667,241.462,201.453,45.31,101.032,0.897,1
214,3.566666666666667,321.058,197.012,48.483,96.266,0.896,1
214,3.566666666666667,471.924,214.103,44.388,77.421,0.915,1
214,3.566666666666667,495.458,216.305,40.146,74.095,0.873,1
214,3.566666666666667,533.891,223.354,28.381,83.821,0.886,0
214,3.566666666666667,588.134,223.678,28.81,79.882,0.881,0
215,3.5833333333333335,242.976,199.757,44.906,99.876,0.889,1
215,3.5833333333333335,323.907,198.056,46.698,96.051,0.899,1
215,3.5833333333333335,472.491,214.38,43.376,78.372,0.899,1
215,3.5833333333333335,494.5,217.5,38.055,76.662,0.877,1
215,3.5833333333333335,537.083,224.063,29.252,84.615,0.876,0
215,3.5833333333333335,588.443,223.587,32.384,82.687,0.872,0
216,3.6,244.615,199.885,44.84,98.123,0.913,1
216,3.6,326.5,198.5,46.763,97.034,0.91,1
216,3.6,473.5,213.5,45.384,75.972,0.904,1
216,3.6,495.331,215.773,42.733,71.829,0.894,1
216,3.6,539.959,222.569,26.498,83.866,0.892,0
216,3.6,591.5,223.5,28.687,82.43,0.908,0
217,3.6166666666666667,246.457,199.467,44.802,97.412,0.913,1
217,3.6166666666666667,327.5,198.296,46.8,97.695,0.911,1
217,3.6166666666666667,474.498,213.901,45.88,75.67,0.898,1
217,3.6166666666666667,494.473,216.774,40.137,74.3,0.888,1
217,3.6166666666666667,542.906,223.434,29.807,79.5,0.908,0
217,3.6166666666666667,593.038,223.962,30.12,74.01,0.896,0
218,3.6333333333333333,246.04,200.486,46.869,99.51,0.903,1
218,3.6333333333333333,330.03,198.45,46.218,93.41,0.898,1
218,3.6333333333333333,475.509,213.484,45.384,75.945,0.894,1
218,3.6333333333333333,495.582,216.202,39.51,77.366,0.882,1
218,3.6333333333333333,545.555,223.962,29.354,76.514,0.893,0
218,3.6333333333333333,596.098,223.75,28.809,79.908,0.885,0
219,3.65,249.051,200.084,42.669,96.999,0.9,1
219,3.65,331.981,198.604,46.495,96.272,0.895,1
219,3.65,477.582,216.296,43.964,75.113,0.904,1
219,3.65,494.931,216.701,39.428,78.866,0.884,1
219,3.65,549.014,222.943,29.619,79.838,0.887,0
219,3.65,597.568,224.171,28.713,81.973,0.891,0
220,3.6666666666666665,250.029,199.578,44.753,96.648,0.902,1
220,3.6666666666666665,333.014,196.824,46.503,96.486,0.909,1
220,3.6666666666666665,476.922,214.488,44.009,73.023,0.9,1
220,3.6666666666666665,493.972,216.99,40.07,75.612,0.878,1
220,3.6666666666666665,552.575,223.33,28.355,84.499,0.889,0
220,3.6666666666666665,599.146,224.728,30.328,84.93,0.879,0
221,3.683333333333333,251.484,199.252,44.451,95.077,0.895,1
221,3.683333333333333,335.528,198.314,46.663,97.595,0.896,1
221,3.683333333333333,478.012,214.407,43.882,76.85,0.902,1
221,3.683333333333333,494.386,215.908,38.268,73.092,0.886,1
221,3.683333333333333,554.81,223.167,30.263,80.539,0.893,0
221,3.683333333333333,602.01,223.971,29.629,79.155,0.886,0
222,3.7,252.95,200.008,42.367,93.711,0.895,1
222,3.7,337.5,196.926,48.253,94.766,0.899,1
222,3.7,478.072,214.517,43.86,77.216,0.904,1
222,3.7,496.0,216.75,39.584,75.094,0.873,1
222,3.7,557.891,224.398,30.334,84.79,0.884,0
222,3.7,602.492,224.384,27.476,75.044,0.89,0
223,3.716666666666667,255.049,199.343,40.82,97.191,0.909,1
223,3.716666666666667,338.988,197.412,44.718,96.168,0.9,1
223,3.716666666666667,479.554,214.276,43.968,74.984,0.902,1
223,3.716666666666667,495.0,216.397,43.418,77.214,0.881,1
223,3.716666666666667,560.468,223.783,28.571,82.037,0.892,0
223,3.716666666666667,604.502,224.469,30.418,81.694,0.869,0
224,3.7333333333333334,255.49,198.702,42.576,95.476,0.9,1
224,3.7333333333333334,341.042,196.164,46.489,96.11,0.899,1
224,3.7333333333333334,480.997,213.977,44.402,73.863,0.908,1
224,3.7333333333333334,494.935,215.63,38.164,75.127,0.893,1
224,3.7333333333333334,563.521,223.558,32.592,83.522,0.898,0
224,3.7333333333333334,606.507,223.448,29.338,76.882,0.892,0
225,3.75,257.145,199.597,40.79,96.781,0.889,1
225,3.75,343.538,198.143,46.616,95.037,0.898,1
225,3.75,479.432,214.703,43.963,75.12,0.909,1
225,3.75,494.475,216.452,40.126,74.556,0.888,1
225,3.75,565.431,224.228,27.653,76.367,0.9,0
225,3.75,606.908,224.456,28.275,79.415,0.903,0
226,3.7666666666666666,258.5,199.814,44.458,95.207,0.892,1
226,3.7666666666666666,345.036,197.821,48.672,95.847,0.903,1
226,3.7666666666666666,481.36,213.818,46.515,72.703,0.907,1
226,3.7666666666666666,494.502,216.927,40.149,74.025,0.892,1
226,3.7666666666666666,568.5,223.5,28.446,81.244,0.875,0
226,3.7666666666666666,607.99,224.985,29.954,74.567,0.903,0
227,3.783333333333333,259.478,199.66,46.889,100.704,0.904,1
227,3.783333333333333,346.543,198.221,46.55,94.314,0.91,1
227,3.783333333333333,488.086,215.65,49.65,64.326,0.9,1
227,3.783333333333333,571.45,225.011,26.586,82.138,0.891,0
227,3.783333333333333,610.026,224.5,27.676,78.388,0.9,0
228,3.8,262.024,199.251,44.221,93.392,0.904,1
228,3.8,349.556,197.593,44.448,95.024,0.903,1
228,3.8,487.769,215.757,48.741,64.813,0.901,1
228,3.8,573.493,223.33,28.88,77.22,0.89,0
228,3.8,612.541,225.043,27.428,76.148,0.912,0
229,3.816666666666667,262.99,199.203,46.381,96.009,0.899,1
229,3.816666666666667,351.085,198.198,46.491,96.165,0.892,1
229,3.816666666666667,484.48,215.469,42.04,74.89,0.906,1
229,3.816666666666667,576.495,223.47,29.343,76.775,0.883,0
229,3.816666666666667,611.528,224.111,27.678,75.856,0.873,0
230,3.8333333333333335,265.005,199.549,44.735,96.403,0.907,1
230,3.8333333333333335,352.508,197.451,44.055,90.669,0.905,1
230,3.8333333333333335,484.64,215.105,42.065,74.221,0.901,1
230,3.8333333333333335,578.071,223.959,28.458,80.028,0.892,0
230,3.8333333333333335,611.436,224.282,27.918,76.304,0.888,0
231,3.85,265.953,200.387,46.734,96.56,0.891,1
231,3.85,354.531,198.19,46.431,94.862,0.901,1
231,3.85,485.84,214.541,45.325,70.441,0.904,1
231,3.85,581.557,222.489,30.819,78.202,0.888,0
231,3.85,614.42,225.16,30.097,71.756,0.885,0
232,3.8666666666666667,268.373,198.752,42.03,90.289,0.893,1
232,3.8666666666666667,355.966,197.519,44.964,96.45,0.902,1
232,3.8666666666666667,486.098,214.293,44.603,72.769,0.908,1
232,3.8666666666666667,583.537,224.468,30.817,78.276,0.889,0
232,3.8666666666666667,615.145,224.269,27.508,74.134,0.888,0
233,3.8833333333333333,268.484,199.253,44.661,95.455,0.907,1
233,3.8833333333333333,358.967,198.5,46.22,93.455,0.894,1
233,3.8833333333333333,486.5,215.5,43.385,71.41,0.922,1
233,3.8833333333333333,586.005,222.94,31.149,83.941,0.891,0
233,3.8833333333333333,615.391,224.0,29.809,72.489,0.894,0
234,3.9,270.951,199.591,44.333,93.314,0.897,1
234,3.9,360.469,198.345,46.571,94.543,0.904,1
234,3.9,486.413,215.543,42.039,74.917,0.918,1
234,3.9,492.31,204.881,18.121,92.654,0.874,0
234,3.9,588.005,224.18,29.16,83.546,0.891,0
234,3.9,615.027,224.538,26.909,77.995,0.882,0
235,3.9166666666666665,273.028,198.182,46.59,95.998,0.902,1
235,3.9166666666666665,361.555,197.751,45.271,95.117,0.898,1
235,3.9166666666666665,486.689,214.542,44.586,73.201,0.916,1
235,3.9166666666666665,494.029,207.329,24.06,91.261,0.879,0
235,3.9166666666666665,588.902,225.274,30.758,71.055,0.902,0
235,3.9166666666666665,617.026,225.057,28.202,72.308,0.893,0
236,3.933333333333333,274.5,198.5,46.261,94.823,0.901,1
236,3.933333333333333,365.9,198.718,46.497,96.319,0.89,1
236,3.933333333333333,487.769,214.308,43.419,77.155,0.907,1
236,3.933333333333333,496.181,208.981,26.094,92.132,0.884,0
236,3.933333333333333,592.056,223.396,29.445,73.439,0.89,0
236,3.933333333333333,617.005,224.376,30.744,80.858,0.883,0
237,3.95,275.008,198.121,42.547,96.98,0.899,1
237,3.95,365.986,198.5,46.337,93.408,0.899,1
237,3.95,489.428,214.397,43.413,77.366,0.896,1
237,3.95,500.495,211.551,28.441,98.439,0.876,0
237,3.95,593.588,224.02,29.622,76.12,0.893,0
237,3.95,617.095,225.614,30.567,75.092,0.908,0
238,3.966666666666667,277.475,198.649,42.571,95.397,0.905,1
238,3.966666666666667,368.002,197.991,46.222,93.521,0.887,1
238,3.966666666666667,488.957,214.99,43.428,76.817,0.908,1
238,3.966666666666667,504.014,212.033,29.442,100.572,0.883,0
238,3.966666666666667,596.925,224.92,27.476,78.919,0.913,0
238,3.966666666666667,616.462,224.406,28.428,76.795,0.906,0
239,3.9833333333333334,278.023,198.5,46.219,93.444,0.892,1
239,3.9833333333333334,369.5,197.5,44.102,93.424,0.895,1
239,3.9833333333333334,490.581,214.116,43.976,74.745,0.9,1
239,3.9833333333333334,507.5,211.5,28.086,91.947,0.875,0
239,3.9833333333333334,597.522,223.579,26.415,74.147,0.907,0
239,3.9833333333333334,617.036,226.309,27.537,73.071,0.895,0
241,4.016666666666667,282.521,198.582,42.464,95.162,0.901,1
241,4.016666666666667,373.514,198.599,46.335,93.387,0.91,1
241,4.016666666666667,491.159,215.846,45.355,73.552,0.896,1
241,4.016666666666667,515.591,211.312,29.545,102.807,0.893,0
241,4.016666666666667,601.011,224.838,27.249,72.208,0.884,0
241,4.016666666666667,617.497,224.799,27.201,75.717,0.892,0
242,4.033333333333333,283.527,199.495,44.102,93.409,0.898,1
242,4.033333333333333,376.477,197.854,44.122,91.063,0.897,1
242,4.033333333333333,491.411,215.084,42.972,78.421,0.904,1
242,4.033333333333333,519.032,211.973,30.52,95.271,0.883,0
242,4.033333333333333,603.488,224.611,30.824,77.849,0.897,0
242,4.033333333333333,617.563,226.037,27.667,75.002,0.891,0
243,4.05,286.029,199.618,44.365,93.74,0.905,1
243,4.05,378.019,198.296,46.211,93.237,0.905,1
243,4.05,492.479,214.541,44.633,71.829,0.912,1
243,4.05,522.955,212.252,29.139,99.819,0.894,0
243,4.05,605.103,223.491,25.989,71.369,0.907,0
243,4.05,617.54,224.786,27.203,75.634,0.902,0
244,4.066666666666666,287.48,198.1,44.266,94.753,0.903,1
244,4.066666666666666,380.019,198.296,46.211,93.237,0.892,1
244,4.066666666666666,493.483,214.934,43.178,74.369,0.901,1
244,4.066666666666666,527.577,210.856,28.107,88.302,0.878,0
244,4.066666666666666,606.52,224.02,28.866,77.962,0.918,0
245,4.083333333333333,290.049,199.206,44.217,93.305,0.891,1
245,4.083333333333333,382.408,198.106,46.013,90.153,0.897,1
245,4.083333333333333,492.5,215.5,42.038,74.958,0.902,1
245,4.083333333333333,531.454,209.884,28.117,91.433,0.878,0
245,4.083333333333333,608.052,224.545,28.126,72.961,0.911,0
246,4.1,292.581,199.234,44.62,94.986,0.904,1
246,4.1,383.492,197.957,48.217,93.485,0.903,1
246,4.1,494.349,214.973,43.998,70.964,0.888,1
246,4.1,535.333,212.5,26.0,90.0,0.866,0
246,4.1,609.0,223.755,28.806,79.993,0.898,0
247,4.116666666666666,292.06,198.096,46.342,93.48,0.897,1
247,4.116666666666666,386.449,196.753,46.442,95.057,0.901,1
247,4.116666666666666,494.569,216.776,42.041,74.875,0.89,1
247,4.116666666666666,538.556,211.888,28.74,98.539,0.877,0
247,4.116666666666666,609.785,224.476,28.594,73.565,0.911,0
248,4.133333333333334,294.463,198.706,46.449,95.186,0.897,1
248,4.133333333333334,388.074,198.009,46.253,93.018,0.9,1
248,4.133333333333334,495.475,217.325,41.442,77.831,0.924,1
248,4.133333333333334,541.623,211.538,28.007,90.422,0.879,0
248,4.133333333333334,610.301,224.634,27.88,71.527,0.901,0
249,4.15,297.5,199.5,44.363,93.716,0.905,1
249,4.15,389.451,198.202,46.222,86.474,0.902,1
249,4.15,496.027,219.118,39.06,78.146,0.903,1
249,4.15,545.368,210.912,26.004,89.932,0.874,0
249,4.15,613.387,225.33,28.889,76.328,0.898,0
250,4.166666666666667,298.538,197.393,44.105,90.903,0.905,1
250,4.166666666666667,392.096,197.904,44.329,93.264,0.896,1
250,4.166666666666667,494.5,223.5,4.0,90.0,0.803,0
250,4.166666666666667,498.464,219.7,39.079,76.221,0.907,1
250,4.166666666666667,549.387,211.433,29.001,89.974,0.88,0
250,4.166666666666667,613.983,224.291,26.93,71.535,0.911,0
251,4.183333333333334,301.528,198.294,46.218,93.412,0.889,1
251,4.183333333333334,394.5,197.5,48.067,90.823,0.892,1
251,4.183333333333334,497.758,202.879,12.368,79.176,0.877,0
251,4.183333333333334,499.05,223.95,30.785,79.681,0.914,1
251,4.183333333333334,553.101,211.836,28.357,95.547,0.877,0
251,4.183333333333334,613.06,224.76,30.826,75.228,0.922,0
252,4.2,302.056,198.662,46.335,93.389,0.906,1
252,4.2,396.407,198.704,46.014,89.837,0.908,1
252,4.2,498.91,223.782,30.777,79.926,0.84,1
252,4.2,502.239,209.742,29.282,82.524,0.891,0
252,4.2,556.482,211.959,31.147,84.992,0.892,0
252,4.2,614.121,225.485,27.47,75.199,0.952,0
253,4.216666666666667,304.614,197.7,44.038,89.685,0.902,1
253,4.216666666666667,398.033,198.5,46.22,86.545,0.896,1
253,4.216666666666667,499.5,228.0,18.22,84.022,0.698,1
253,4.216666666666667,505.104,211.851,28.601,83.759,0.885,0
253,4.216666666666667,560.46,211.94,28.347,84.686,0.892,0
253,4.216666666666667,616.14,227.047,25.186,82.415,0.93,0
254,4.233333333333333,304.593,198.296,46.014,89.837,0.892,1
254,4.233333333333333,400.5,199.5,44.08,90.996,0.893,1
254,4.233333333333333,501.738,226.69,22.202,83.697,0.854,1
254,4.233333333333333,507.739,212.165,26.01,90.118,0.886,0
254,4.233333333333333,563.5,210.5,26.2,88.27,0.878,0
254,4.233333333333333,618.221,227.577,24.073,83.076,0.781,0
255,4.25,307.012,198.626,46.223,93.551,0.896,1
255,4.25,401.526,198.066,46.279,93.441,0.891,1
255,4.25,502.786,229.643,12.022,88.545,0.793,1
255,4.25,512.557,211.114,28.353,84.548,0.883,0
255,4.25,567.63,211.5,24.0,90.0,0.883,0
255,4.25,620.636,232.818,11.048,85.493,0.873,0
256,4.266666666666667,310.531,198.651,42.124,88.93,0.901,1
256,4.266666666666667,404.407,198.5,46.0,90.0,0.893,1
256,4.266666666666667,504.5,229.5,8.0,90.0,0.742,1
256,4.266666666666667,515.498,212.433,27.109,88.263,0.879,0
256,4.266666666666667,571.485,212.505,27.096,88.498,0.882,0
257,4.283333333333333,311.513,198.938,46.202,93.05,0.895,1
257,4.283333333333333,406.054,197.5,48.206,86.8,0.895,1
257,4.283333333333333,504.867,230.533,6.039,87.46,0.537,1
257,4.283333333333333,519.391,212.5,30.0,90.0,0.867,0
257,4.283333333333333,574.467,211.282,28.449,81.095,0.881,0
258,4.3,313.926,197.566,44.974,96.547,0.899,1
258,4.3,408.5,198.198,46.07,89.138,0.899,1
258,4.3,522.517,211.557,28.364,84.278,0.872,0
258,4.3,579.036,212.548,27.261,84.601,0.886,0
259,4.316666666666666,215.017,228.78,15.133,100.222,0.72,1
259,4.316666666666666,314.518,197.704,48.054,90.66,0.898,1
259,4.316666666666666,408.593,198.296,46.014,89.837,0.901,1
259,4.316666666666666,525.422,210.98,28.408,83.003,0.884,0
259,4.316666666666666,580.995,211.961,29.257,84.372,0.883,0
260,4.333333333333333,217.538,227.269,14.21,94.936,0.706,1
260,4.333333333333333,317.5,198.5,46.098,93.278,0.893,1
260,4.333333333333333,410.5,198.5,46.046,90.55,0.896,1
260,4.333333333333333,529.5,211.386,28.069,88.496,0.873,0
260,4.333333333333333,583.909,211.784,28.35,84.621,0.875,0
261,4.35,217.009,224.418,28.164,96.979,0.901,1
261,4.35,319.538,198.904,46.1,93.793,0.888,1
261,4.35,412.464,197.671,48.086,88.913,0.895,1
261,4.35,533.453,210.761,28.556,82.402,0.883,0
261,4.35,587.488,211.438,28.074,88.377,0.871,0
262,4.366666666666666,219.057,224.179,30.357,95.792,0.899,1
262,4.366666666666666,320.602,198.609,42.058,89.512,0.898,1
262,4.366666666666666,414.444,198.967,46.08,89.0,0.897,1
262,4.366666666666666,536.527,212.015,28.344,84.766,0.886,0
262,4.366666666666666,592.538,212.036,28.157,85.159,0.891,0
264,4.4,222.028,217.341,38.554,96.496,0.828,1
264,4.4,223.615,239.615,11.01,100.788,0.684,0
264,4.4,325.526,197.746,44.224,93.475,0.905,1
264,4.4,418.593,198.704,46.014,90.163,0.907,1
264,4.4,544.037,212.884,31.127,79.929,0.886,0
264,4.4,596.512,211.854,28.352,84.568,0.887,0
266,4.433333333333334,223.805,215.891,41.024,102.657,0.866,1
266,4.433333333333334,226.802,235.656,22.191,95.527,0.794,0
266,4.433333333333334,329.501,198.654,46.219,86.561,0.899,1
266,4.433333333333334,422.519,198.296,46.06,89.277,0.902,1
266,4.433333333333334,551.085,212.212,26.376,84.237,0.87,0
266,4.433333333333334,602.472,211.695,28.166,83.917,0.874,0
267,4.45,223.963,217.85,42.975,102.869,0.907,1
267,4.45,227.341,235.473,22.114,92.577,0.941,0
267,4.45,330.5,199.5,44.277,84.761,0.897,1
267,4.45,424.5,198.818,46.427,85.211,0.9,1
267,4.45,555.483,211.048,28.124,88.469,0.875,0
267,4.45,605.442,212.11,26.772,81.285,0.886,0
268,4.466666666666667,225.224,216.876,39.584,104.897,0.905,1
268,4.466666666666667,228.345,235.727,22.377,101.029,0.927,0
268,4.466666666666667,332.464,198.738,46.069,89.159,0.894,1
268,4.466666666666667,428.043,198.671,46.218,86.591,0.901,1
268,4.466666666666667,559.526,213.191,29.333,76.996,0.877,0
268,4.466666666666667,609.571,212.316,26.289,87.425,0.885,0
269,4.483333333333333,224.091,215.24,41.022,103.639,0.901,1
269,4.483333333333333,229.673,235.927,24.511,99.549,0.926,0
269,4.483333333333333,334.462,197.737,44.075,89.075,0.896,1
269,4.483333333333333,427.49,198.706,42.48,84.545,0.901,1
269,4.483333333333333,561.497,212.43,27.173,87.011,0.892,0
269,4.483333333333333,609.765,213.845,27.011,89.202,0.887,0
270,4.5,226.591,214.699,39.288,102.508,0.902,1
270,4.5,230.762,234.622,23.131,107.201,0.918,0
270,4.5,336.892,197.5,44.219,86.638,0.894,1
270,4.5,430.415,199.558,45.004,89.929,0.9,1
270,4.5,564.565,211.56,29.201,79.311,0.909,0
270,4.5,613.891,212.146,26.583,84.159,0.894,0
271,4.516666666666667,226.989,215.807,41.024,103.389,0.899,1
271,4.516666666666667,232.16,234.885,23.561,102.564,0.885,0
271,4.516666666666667,338.519,198.296,46.06,89.277,0.886,1
271,4.516666666666667,431.5,197.5,48.42,85.219,0.898,1
271,4.516666666666667,569.107,212.65,30.341,84.631,0.878,0
271,4.516666666666667,615.533,211.925,29.324,77.174,0.881,0
272,4.533333333333333,227.0,215.711,41.024,103.483,0.895,1
272,4.533333333333333,231.664,234.664,22.546,99.864,0.925,0
272,4.533333333333333,340.605,198.398,46.004,89.937,0.889,1
272,4.533333333333333,434.04,198.418,46.232,86.212,0.898,1
272,4.533333333333333,572.51,212.5,28.138,81.036,0.89,0
272,4.533333333333333,617.556,212.581,26.742,81.819,0.885,0
273,4.55,227.169,214.542,40.793,107.416,0.906,1
273,4.55,231.899,234.71,24.67,96.847,0.841,0
273,4.55,342.918,198.256,46.456,86.588,0.906,1
273,4.55,435.509,198.294,46.43,85.154,0.892,1
273,4.55,575.828,211.366,26.302,71.503,0.896,0
273,4.55,620.065,211.467,29.154,74.741,0.884,0
274,4.566666666666666,228.745,214.875,43.973,105.149,0.906,1
274,4.566666666666666,231.468,236.597,21.164,94.121,0.884,0
274,4.566666666666666,345.031,197.415,46.487,83.947,0.903,1
274,4.566666666666666,438.029,199.382,44.365,86.26,0.901,1
274,4.566666666666666,578.109,211.721,28.806,79.995,0.888,0
274,4.566666666666666,621.568,213.406,28.731,81.633,0.887,0
275,4.583333333333333,227.13,214.969,43.999,106.179,0.906,1
275,4.583333333333333,231.133,237.756,14.147,96.978,0.742,0
275,4.583333333333333,347.99,198.582,42.374,86.2,0.909,1
275,4.583333333333333,438.518,198.506,46.264,85.043,0.892,1
275,4.583333333333333,581.517,212.372,26.474,81.009,0.898,0
275,4.583333333333333,624.563,212.98,28.729,81.667,0.886,0
276,4.6,229.589,216.268,43.958,104.736,0.924,1
276,4.6,349.056,198.77,46.485,84.0,0.902,1
276,4.6,441.399,197.63,48.756,82.818,0.906,1
276,4.6,585.49,212.61,27.928,75.878,0.897,0
276,4.6,625.532,213.421,28.754,81.187,0.893,0
277,4.616666666666666,230.51,215.521,43.388,108.65,0.929,1
277,4.616666666666666,350.58,198.122,50.001,89.947,0.895,1
277,4.616666666666666,442.546,199.046,44.833,82.027,0.903,1
277,4.616666666666666,589.02,211.662,28.883,73.977,0.89,0
277,4.616666666666666,626.965,213.385,28.842,78.913,0.884,0
278,4.633333333333334,230.103,215.546,42.476,104.175,0.909,1
278,4.633333333333334,351.958,198.026,46.486,83.989,0.899,1
278,4.633333333333334,445.065,199.247,44.756,83.307,0.898,1
278,4.633333333333334,591.942,212.893,29.431,74.152,0.889,0
278,4.633333333333334,628.875,213.654,28.808,79.94,0.892,0
279,4.65,231.057,215.388,45.918,106.057,0.898,1
279,4.65,355.453,197.248,44.339,86.608,0.904,1
279,4.65,445.501,199.15,44.557,84.677,0.891,1
279,4.65,594.066,213.531,28.832,79.257,0.89,0
280,4.666666666666667,232.415,215.117,42.066,105.792,0.901,1
280,4.666666666666667,357.5,198.5,42.465,84.811,0.906,1
280,4.666666666666667,446.971,199.404,45.197,80.923,0.909,1
280,4.666666666666667,596.98,212.482,28.657,68.54,0.9,0
281,4.683333333333334,225.129,240.871,10.119,85.951,0.759,0
281,4.683333333333334,232.995,216.306,43.42,107.156,0.898,1
281,4.683333333333334,359.484,198.193,46.212,86.731,0.9,1
281,4.683333333333334,449.052,198.805,46.489,83.892,0.898,1
281,4.683333333333334,599.404,212.86,27.47,75.201,0.884,0
282,4.7,224.027,239.297,14.038,94.72,0.861,0
282,4.7,233.861,216.376,43.901,103.489,0.911,1
282,4.7,361.047,197.779,44.515,83.537,0.902,1
282,4.7,451.463,198.349,42.57,84.608,0.899,1
282,4.7,600.92,213.65,29.445,73.437,0.888,0
283,4.716666666666667,233.065,215.5,41.513,104.563,0.898,1
283,4.716666666666667,362.929,199.536,48.309,86.907,0.895,1
283,4.716666666666667,452.557,200.311,46.413,85.458,0.902,1
283,4.716666666666667,603.828,211.533,26.298,71.292,0.906,0
284,4.733333333333333,233.891,214.777,40.549,104.819,0.908,1
284,4.733333333333333,365.537,196.898,46.217,86.616,0.896,1
284,4.733333333333333,455.489,198.45,42.469,84.75,0.902,1
284,4.733333333333333,606.98,212.538,27.673,78.58,0.894,0
285,4.75,230.519,215.888,46.333,113.482,0.895,1
285,4.75,367.521,198.5,46.418,85.366,0.908,1
285,4.75,456.559,199.312,44.443,85.059,0.902,1
285,4.75,609.476,213.282,29.63,76.801,0.892,0
287,4.783333333333333,231.071,216.134,49.577,113.11,0.896,1
287,4.783333333333333,372.074,198.185,46.318,86.829,0.901,1
287,4.783333333333333,460.567,199.115,44.833,82.024,0.904,1
287,4.783333333333333,613.235,213.637,25.929,72.797,0.9,0
288,4.8,224.679,217.808,38.265,106.831,0.899,1
288,4.8,238.5,214.5,43.96,104.783,0.914,1
288,4.8,373.5,198.5,46.418,85.369,0.913,1
288,4.8,461.015,199.787,44.515,83.529,0.909,1
288,4.8,616.005,212.414,27.878,78.363,0.9,0
289,4.816666666666666,224.488,217.498,39.68,109.677,0.897,1
289,4.816666666666666,239.0,214.965,44.002,106.35,0.907,1
289,4.816666666666666,374.867,197.741,45.249,80.135,0.907,1
289,4.816666666666666,462.495,199.8,44.425,85.363,0.909,1
289,4.816666666666666,616.583,213.49,29.46,71.534,0.892,0
290,4.833333333333333,224.957,217.5,38.148,104.622,0.895,1
290,4.833333333333333,239.09,214.74,44.003,106.467,0.911,1
290,4.833333333333333,377.045,197.604,44.525,83.23,0.901,1
290,4.833333333333333,463.98,199.42,44.524,83.28,0.893,1
290,4.833333333333333,619.062,214.526,28.472,74.051,0.914,0
291,4.85,223.925,218.253,40.182,106.933,0.885,1
291,4.85,239.492,215.442,42.746,108.549,0.898,1
291,4.85,379.455,197.491,48.42,85.216,0.896,1
291,4.85,465.904,199.885,44.893,80.59,0.897,1
291,4.85,621.99,213.318,28.887,74.347,0.885,0
292,4.866666666666666,224.473,216.747,39.505,102.534,0.892,1
292,4.866666666666666,240.96,214.76,45.147,106.591,0.91,1
292,4.866666666666666,381.446,198.831,46.439,84.988,0.908,1
292,4.866666666666666,467.096,199.115,44.893,80.59,0.895,1
292,4.866666666666666,623.932,212.733,27.526,73.539,0.885,0
293,4.883333333333334,224.96,217.206,37.655,105.037,0.885,1
293,4.883333333333334,241.028,214.638,44.566,106.371,0.91,1
293,4.883333333333334,383.516,197.433,48.506,82.812,0.902,1
293,4.883333333333334,469.5,200.296,46.8,82.305,0.908,1
293,4.883333333333334,625.578,214.416,26.961,74.564,0.883,0
294,4.9,224.028,216.199,39.582,104.785,0.884,1
294,4.9,242.961,215.795,45.916,105.854,0.894,1
294,4.9,385.925,197.713,44.762,83.224,0.899,1
294,4.9,469.983,199.538,44.737,83.575,0.904,1
294,4.9,627.055,214.546,27.56,71.844,0.886,0
295,4.916666666666667,224.951,217.683,37.479,101.326,0.882,1
295,4.916666666666667,243.101,214.912,44.001,106.327,0.902,1
295,4.916666666666667,387.484,197.567,48.506,82.812,0.902,1
295,4.916666666666667,473.063,199.296,44.76,83.241,0.894,1
295,4.916666666666667,627.5,214.695,27.692,75.754,0.89,0
296,4.933333333333334,224.095,216.608,40.029,103.747,0.899,1
296,4.933333333333334,245.086,214.884,44.002,106.37,0.905,1
296,4.933333333333334,391.444,197.593,44.448,84.976,0.9,1
296,4.933333333333334,472.5,199.5,44.868,81.266,0.895,1
296,4.933333333333334,628.443,214.886,28.247,70.223,0.901,0
297,4.95,224.462,215.976,40.15,105.996,0.894,1
297,4.95,245.413,213.906,46.113,103.923,0.906,1
297,4.95,392.538,198.084,46.795,82.391,0.899,1
297,4.95,474.88,199.951,46.317,86.849,0.895,1
298,4.966666666666667,224.527,218.253,39.505,102.534,0.888,1
298,4.966666666666667,246.98,214.32,43.871,102.959,0.909,1
298,4.966666666666667,394.541,199.285,44.816,82.333,0.908,1
298,4.966666666666667,476.083,199.485,44.916,79.737,0.897,1
299,4.983333333333333,225.505,216.739,40.138,105.705,0.875,1
299,4.983333333333333,247.348,214.116,43.381,101.76,0.904,1
299,4.983333333333333,396.473,197.551,44.803,82.569,0.919,1
299,4.983333333333333,477.45,198.84,43.286,84.491,0.893,1
300,5.0,226.552,217.877,42.039,105.076,0.892,1
300,5.0,248.959,214.428,44.011,107.325,0.903,1
300,5.0,396.926,196.704,47.181,80.787,0.912,1
300,5.0,479.5,199.5,49.227,79.246,0.899,1
301,5.016666666666667,224.927,216.527,40.013,103.501,0.88,1
301,5.016666666666667,250.097,213.802,46.6,106.286,0.904,1
301,5.016666666666667,399.91,198.405,46.5,83.605,0.889,1
301,5.016666666666667,479.915,198.198,46.491,83.835,0.888,1
302,5.033333333333333,226.015,216.348,35.584,102.278,0.885,1
302,5.033333333333333,250.515,214.348,47.798,103.672,0.898,1
302,5.033333333333333,402.446,198.752,46.787,82.55,0.897,1
302,5.033333333333333,482.487,199.452,44.93,78.682,0.891,1
302,5.033333333333333,553.0,220.5,6.0,90.0,0.669,0
303,5.05,225.099,216.71,40.184,107.005,0.88,1
303,5.05,251.078,214.564,43.907,103.595,0.899,1
303,5.05,404.505,198.302,46.814,82.017,0.894,1
303,5.05,483.529,199.16,44.83,82.07,0.905,1
303,5.05,553.8,222.262,20.099,94.604,0.726,0
304,5.066666666666666,225.498,216.993,41.437,102.054,0.882,1
304,5.066666666666666,252.888,214.296,44.602,107.209,0.906,1
304,5.066666666666666,406.092,198.619,46.864,80.658,0.9,1
304,5.066666666666666,484.602,199.067,44.843,81.823,0.907,1
304,5.066666666666666,555.38,225.196,26.01,89.343,0.867,0
305,5.083333333333333,225.537,216.748,40.132,105.587,0.882,1
305,5.083333333333333,254.557,214.479,43.995,105.977,0.898,1
305,5.083333333333333,407.953,198.613,46.734,83.44,0.896,1
305,5.083333333333333,485.451,200.358,43.561,78.632,0.896,1
305,5.083333333333333,556.818,226.642,26.169,87.865,0.922,0
306,5.1,226.023,216.377,35.581,102.219,0.882,1
306,5.1,255.921,213.153,45.906,105.288,0.9,1
306,5.1,409.456,197.626,45.867,76.007,0.907,1
306,5.1,486.486,200.452,42.85,82.063,0.909,1
306,5.1,558.615,225.402,24.491,98.692,0.867,0
307,5.116666666666666,227.0,216.028,40.845,108.45,0.888,1
307,5.116666666666666,256.911,214.252,44.605,107.283,0.902,1
307,5.116666666666666,412.408,197.014,46.804,82.231,0.892,1
307,5.116666666666666,488.872,200.19,43.228,80.849,0.915,1
307,5.116666666666666,560.569,224.304,26.275,95.766,0.87,0
308,5.133333333333334,227.455,216.569,39.596,105.678,0.87,1
308,5.133333333333334,256.94,214.088,43.424,103.022,0.901,1
308,5.133333333333334,414.493,198.505,43.564,82.074,0.904,1
308,5.133333333333334,489.484,199.861,45.325,78.611,0.904,1
308,5.133333333333334,562.693,225.286,28.239,94.761,0.884,0
309,5.15,227.509,214.53,39.595,105.573,0.874,1
309,5.15,258.99,214.48,44.396,102.916,0.909,1
309,5.15,416.473,197.265,46.088,79.425,0.906,1
309,5.15,490.998,200.343,43.746,80.374,0.91,1
309,5.15,565.097,224.699,26.388,96.057,0.883,0
310,5.166666666666667,227.455,216.569,39.596,105.678,0.874,1
310,5.166666666666667,260.01,213.982,43.999,106.213,0.908,1
310,5.166666666666667,417.02,198.077,46.852,81.046,0.898,1
310,5.166666666666667,492.067,200.082,43.927,79.915,0.888,1
310,5.166666666666667,566.525,225.53,24.402,83.883,0.883,0
311,5.183333333333334,228.424,215.614,41.856,102.071,0.892,1
311,5.183333333333334,260.504,215.267,45.873,104.129,0.903,1
311,5.183333333333334,420.492,199.543,48.776,82.434,0.894,1
311,5.183333333333334,493.419,201.072,42.897,81.143,0.899,1
311,5.183333333333334,569.346,224.438,26.01,89.808,0.87,0
312,5.2,227.069,217.038,40.293,104.489,0.893,1
312,5.2,262.419,214.116,43.976,105.255,0.912,1
312,5.2,422.15,199.296,45.244,80.207,0.911,1
312,5.2,494.85,199.704,45.244,80.207,0.91,1
312,5.2,571.364,225.739,24.0,89.994,0.885,0
313,5.216666666666667,229.517,216.527,40.7,105.981,0.886,1
313,5.216666666666667,263.185,213.628,46.122,102.821,0.908,1
313,5.216666666666667,424.967,198.5,46.871,80.381,0.9,1
313,5.216666666666667,496.007,201.315,44.518,83.438,0.897,1
313,5.216666666666667,573.5,225.631,25.472,81.63,0.904,0
314,5.233333333333333,229.038,215.641,40.973,100.074,0.881,1
314,5.233333333333333,265.901,215.072,46.347,105.022,0.908,1
314,5.233333333333333,426.354,197.573,45.306,79.052,0.903,1
314,5.233333333333333,496.847,199.654,45.241,80.261,0.901,1
314,5.233333333333333,574.516,224.865,27.171,84.017,0.872,0
315,5.25,229.397,217.013,41.441,102.139,0.879,1
315,5.25,266.374,213.658,43.448,104.516,0.909,1
315,5.25,427.921,197.443,45.372,77.016,0.903,1
315,5.25,499.507,199.157,44.831,82.059,0.901,1
315,5.25,576.505,225.515,28.448,81.167,0.875,0
316,5.266666666666667,230.013,217.681,40.98,100.264,0.879,1
316,5.266666666666667,268.05,214.643,44.4,103.09,0.907,1
316,5.266666666666667,430.056,198.426,46.871,80.372,0.899,1
316,5.266666666666667,499.484,201.067,45.326,78.609,0.906,1
316,5.266666666666667,578.102,224.54,26.894,78.493,0.886,0
317,5.283333333333333,229.527,215.897,39.49,102.227,0.876,1
317,5.283333333333333,270.0,214.035,43.997,106.074,0.901,1
317,5.283333333333333,432.99,197.413,44.735,83.6,0.898,1
317,5.283333333333333,500.489,201.376,45.127,78.672,0.886,1
317,5.283333333333333,578.976,226.037,24.501,84.009,0.895,0
318,5.3,230.164,215.633,37.638,104.466,0.881,1
318,5.3,269.019,213.115,45.354,102.221,0.9,1
318,5.3,433.481,198.167,46.812,82.062,0.898,1
318,5.3,502.389,199.551,45.717,78.913,0.903,1
318,5.3,580.958,226.243,26.867,79.254,0.881,0
319,5.316666666666666,229.032,215.25,42.096,106.966,0.877,1
319,5.316666666666666,269.956,213.782,45.359,102.4,0.904,1
319,5.316666666666666,434.881,197.621,45.233,80.392,0.898,1
319,5.316666666666666,502.514,200.516,42.849,82.087,0.91,1
319,5.316666666666666,582.574,225.048,27.305,80.794,0.882,0
320,5.333333333333333,231.432,216.089,39.493,102.284,0.89,1
320,5.333333333333333,272.972,213.334,46.44,105.415,0.908,1
320,5.333333333333333,438.144,198.36,47.152,81.217,0.906,1
320,5.333333333333333,504.52,200.439,43.383,78.208,0.9,1
320,5.333333333333333,583.924,227.124,29.442,79.306,0.884,0
321,5.35,231.454,215.592,41.399,101.295,0.881,1
321,5.35,273.504,214.451,44.506,105.316,0.904,1
321,5.35,439.995,199.264,44.516,83.494,0.908,1
321,5.35,504.998,200.728,43.874,76.987,0.906,1
321,5.35,586.5,225.475,28.351,84.59,0.873,0
323,5.383333333333334,232.02,215.273,41.498,103.781,0.881,1
323,5.383333333333334,275.892,215.5,45.376,103.233,0.901,1
323,5.383333333333334,441.944,198.037,47.281,78.77,0.907,1
323,5.383333333333334,507.348,200.884,43.381,78.24,0.904,1
323,5.383333333333334,587.393,225.71,26.746,81.753,0.887,0
324,5.4,233.007,215.273,40.977,100.182,0.883,1
324,5.4,277.892,213.5,45.376,103.233,0.908,1
324,5.4,443.904,197.885,44.893,80.59,0.908,1
324,5.4,508.5,201.5,44.93,78.711,0.901,1
324,5.4,589.5,225.521,28.748,81.306,0.899,0
325,5.416666666666667,232.863,215.797,41.481,103.19,0.885,1
325,5.416666666666667,279.538,212.765,44.203,104.557,0.904,1
325,5.416666666666667,447.48,198.34,47.276,78.887,0.889,1
325,5.416666666666667,509.489,200.501,43.354,78.838,0.902,1
325,5.416666666666667,591.591,226.05,27.453,81.547,0.896,0
326,5.433333333333334,233.411,216.247,43.312,100.391,0.897,1
326,5.433333333333334,281.506,214.348,43.409,102.511,0.891,1
326,5.433333333333334,448.921,198.626,47.172,80.915,0.904,1
326,5.433333333333334,510.585,201.117,42.066,74.208,0.898,1
326,5.433333333333334,592.098,225.96,25.44,76.915,0.891,0
328,5.466666666666667,235.5,215.5,41.45,102.348,0.886,1
328,5.466666666666667,283.582,212.704,43.964,104.887,0.909,1
328,5.466666666666667,451.108,198.431,47.311,77.65,0.902,1
328,5.466666666666667,511.995,200.949,43.998,73.871,0.899,1
328,5.466666666666667,559.784,231.162,14.227,84.537,0.658,0
328,5.466666666666667,593.462,225.364,25.999,74.149,0.888,0
329,5.483333333333333,236.473,214.747,39.505,102.534,0.878,1
329,5.483333333333333,286.113,213.618,45.255,99.965,0.904,1
329,5.483333333333333,454.414,198.707,47.26,79.3,0.899,1
329,5.483333333333333,513.544,201.073,45.326,78.587,0.904,1
329,5.483333333333333,559.857,230.971,14.015,89.053,0.673,0
329,5.483333333333333,592.483,226.39,26.479,80.723,0.88,0
330,5.5,237.02,215.591,41.5,103.902,0.875,1
330,5.5,287.192,211.692,45.83,103.152,0.901,1
330,5.5,456.499,199.144,45.881,75.637,0.9,1
330,5.5,513.567,201.743,45.872,75.897,0.905,1
330,5.5,561.307,229.596,24.192,83.411,0.838,0
330,5.5,596.174,225.547,28.819,79.627,0.887,0
331,5.516666666666667,237.468,215.405,41.422,101.743,0.905,1
331,5.516666666666667,287.485,213.548,45.301,100.824,0.899,1
331,5.516666666666667,458.052,198.462,46.873,80.313,0.9,1
331,5.516666666666667,515.108,201.5,45.376,76.767,0.9,1
331,5.516666666666667,561.445,227.416,26.254,84.969,0.871,0
331,5.516666666666667,595.969,225.969,28.202,72.45,0.891,0
332,5.533333333333333,237.916,215.452,41.514,104.641,0.897,1
332,5.533333333333333,289.546,214.885,47.255,100.583,0.901,1
332,5.533333333333333,459.154,199.5,45.813,77.166,0.902,1
332,5.533333333333333,516.99,201.653,44.914,79.822,0.903,1
332,5.533333333333333,563.684,226.5,27.682,76.506,0.877,0
332,5.533333333333333,596.432,225.545,24.509,80.534,0.866,0
333,5.55,238.115,215.654,41.374,100.859,0.905,1
333,5.55,290.961,213.498,44.914,100.196,0.891,1
333,5.55,460.601,198.31,47.258,79.336,0.901,1
333,5.55,517.975,200.884,42.941,79.966,0.898,1
333,5.55,564.191,226.231,25.734,77.115,0.889,0
333,5.55,596.166,226.057,25.737,76.547,0.885,0
334,5.566666666666666,239.47,214.157,42.882,98.545,0.9,1
334,5.566666666666666,291.454,214.5,47.283,101.307,0.893,1
334,5.566666666666666,463.387,198.629,47.796,76.383,0.909,1
334,5.566666666666666,516.905,200.45,44.01,72.901,0.896,1
334,5.566666666666666,565.503,225.162,25.726,74.167,0.881,0
334,5.566666666666666,597.58,225.533,24.736,82.225,0.909,0
335,5.583333333333333,240.051,214.704,43.433,103.416,0.902,1
335,5.583333333333333,293.936,213.082,47.695,101.605,0.903,1
335,5.583333333333333,464.427,198.757,47.259,79.325,0.901,1
335,5.583333333333333,517.568,201.587,46.361,75.872,0.917,1
335,5.583333333333333,566.46,226.023,25.324,79.203,0.87,0
335,5.583333333333333,597.497,226.392,26.774,81.252,0.893,0
336,5.6,241.058,215.885,45.905,105.216,0.913,1
336,5.6,295.581,213.329,49.266,102.474,0.915,1
336,5.6,467.141,199.296,45.828,76.894,0.913,1
336,5.6,519.971,201.28,41.982,76.086,0.918,1
336,5.6,569.544,225.967,27.451,81.607,0.897,0
336,5.6,597.582,226.34,27.451,75.641,0.889,0
337,5.616666666666666,240.985,214.72,43.872,102.971,0.902,1
337,5.616666666666666,297.005,213.387,45.779,102.243,0.908,1
337,5.616666666666666,468.02,198.68,43.259,80.419,0.907,1
337,5.616666666666666,520.391,202.328,42.962,79.11,0.902,1
337,5.616666666666666,570.333,225.719,25.544,75.034,0.913,0
337,5.616666666666666,597.543,226.649,26.958,75.349,0.886,0
338,5.633333333333334,242.522,215.47,42.052,105.391,0.904,1
338,5.633333333333334,298.5,213.5,45.897,104.904,0.902,1
338,5.633333333333334,469.454,198.885,47.255,79.417,0.903,1
338,5.633333333333334,521.086,202.5,43.896,76.614,0.899,1
338,5.633333333333334,572.497,224.37,27.569,69.619,0.882,0
338,5.633333333333334,598.562,226.503,27.496,74.507,0.886,0
339,5.65,242.0,216.478,42.959,100.732,0.898,1
339,5.65,300.52,212.561,43.383,101.792,0.9,1
339,5.65,471.929,199.224,45.758,78.072,0.908,1
339,5.65,520.97,202.917,43.426,76.895,0.896,1
339,5.65,573.528,226.118,27.676,75.677,0.885,0
339,5.65,598.468,225.977,25.329,79.859,0.878,0
340,5.666666666666667,245.015,214.562,43.437,103.59,0.901,1
340,5.666666666666667,302.615,213.558,45.313,101.093,0.904,1
340,5.666666666666667,473.009,198.9,47.291,78.456,0.897,1
340,5.666666666666667,523.037,203.569,45.371,77.081,0.9,1
340,5.666666666666667,575.006,225.527,24.974,77.37,0.889,0
340,5.666666666666667,598.563,227.287,25.561,74.669,0.902,0
341,5.683333333333334,245.5,214.5,42.587,98.681,0.896,1
341,5.683333333333334,304.009,213.613,45.78,102.257,0.908,1
341,5.683333333333334,475.094,198.738,43.882,76.863,0.903,1
341,5.683333333333334,522.391,201.415,41.862,77.863,0.917,1
341,5.683333333333334,577.517,225.914,29.36,76.372,0.89,0
341,5.683333333333334,598.173,227.237,25.515,77.831,0.9,0
342,5.7,246.99,215.678,41.342,100.36,0.907,1
342,5.7,305.066,212.904,43.893,103.332,0.899,1
342,5.7,475.859,199.704,45.828,76.894,0.903,1
342,5.7,523.517,202.451,43.359,78.733,0.907,1
342,5.7,577.066,225.58,26.311,71.336,0.904,0
342,5.7,596.934,226.524,24.407,70.753,0.899,0
343,5.716666666666667,247.023,214.697,42.951,100.413,0.89,1
343,5.716666666666667,306.5,213.5,44.794,97.285,0.907,1
343,5.716666666666667,477.99,199.466,45.788,77.602,0.905,1
343,5.716666666666667,524.522,201.902,41.437,77.962,0.897,1
343,5.716666666666667,577.953,226.779,27.546,72.69,0.888,0
343,5.716666666666667,597.463,226.525,24.061,72.032,0.908,0
344,5.733333333333333,247.342,214.219,43.376,101.635,0.903,1
344,5.733333333333333,308.02,212.32,43.259,99.581,0.909,1
344,5.733333333333333,478.458,199.835,46.349,75.133,0.905,1
344,5.733333333333333,524.481,203.201,41.456,77.511,0.905,1
344,5.733333333333333,579.956,226.293,27.249,72.085,0.89,0
344,5.733333333333333,597.669,227.098,24.802,81.173,0.901,0
345,5.75,249.075,214.898,42.938,99.942,0.898,1
345,5.75,310.005,213.301,45.191,98.998,0.906,1
345,5.75,480.502,199.379,44.932,78.306,0.893,1
345,5.75,525.484,201.722,42.075,73.909,0.901,1
345,5.75,580.973,226.862,27.842,72.733,0.899,0
345,5.75,596.419,227.547,25.507,75.769,0.922,0
346,5.766666666666667,249.062,214.905,42.938,99.924,0.9,1
346,5.766666666666667,312.419,212.864,43.72,100.919,0.922,1
346,5.766666666666667,483.505,199.565,46.125,75.705,0.905,1
346,5.766666666666667,527.045,203.231,42.099,72.858,0.904,1
346,5.766666666666667,581.889,226.705,27.498,74.437,0.896,0
346,5.766666666666667,597.613,227.121,26.392,69.589,0.902,0
347,5.783333333333333,249.035,215.447,44.526,96.804,0.897,1
347,5.783333333333333,314.517,212.473,47.805,103.893,0.9,1
347,5.783333333333333,483.995,200.062,47.872,78.632,0.902,1
347,5.783333333333333,526.088,202.5,44.01,72.837,0.89,1
347,5.783333333333333,582.418,226.571,27.216,75.11,0.904,0
347,5.783333333333333,596.133,226.727,23.782,77.226,0.906,0
348,5.8,250.07,214.711,43.754,100.469,0.907,1
348,5.8,315.5,212.5,46.529,97.543,0.902,1
348,5.8,486.519,199.885,45.879,75.691,0.909,1
348,5.8,525.929,202.704,43.911,76.321,0.91,1
348,5.8,583.361,226.215,23.772,71.464,0.902,0
348,5.8,595.506,227.303,25.632,72.821,0.891,0
349,5.816666666666666,252.541,216.768,42.903,98.988,0.901,1
349,5.816666666666666,316.973,213.372,44.918,100.384,0.895,1
349,5.816666666666666,486.99,199.918,46.465,74.08,0.91,1
349,5.816666666666666,527.957,202.754,43.905,76.437,0.911,1
349,5.816666666666666,584.519,226.043,26.946,76.34,0.908,0
350,5.833333333333333,252.498,214.292,45.129,101.441,0.913,1
350,5.833333333333333,319.09,212.405,46.5,96.395,0.894,1
350,5.833333333333333,489.079,199.153,45.906,74.712,0.905,1
350,5.833333333333333,526.501,202.404,44.009,71.792,0.898,1
350,5.833333333333333,584.414,226.278,25.0,67.385,0.911,0
352,5.866666666666666,255.52,214.704,42.48,95.467,0.892,1
352,5.866666666666666,322.033,212.5,46.871,99.619,0.901,1
352,5.866666666666666,491.173,198.5,48.434,71.534,0.899,1
352,5.866666666666666,530.542,204.458,42.969,78.676,0.901,1
352,5.866666666666666,585.561,227.306,25.325,73.52,0.881,0
353,5.883333333333334,256.1,214.42,43.295,100.129,0.9,1
353,5.883333333333334,323.593,213.352,45.07,97.523,0.908,1
353,5.883333333333334,493.036,199.933,45.356,77.728,0.898,1
353,5.883333333333334,530.528,203.491,42.035,75.006,0.91,1
353,5.883333333333334,586.458,226.291,27.2,75.756,0.898,0
354,5.9,256.579,212.559,43.777,101.611,0.901,1
354,5.9,325.935,213.965,46.708,96.186,0.901,1
354,5.9,495.143,199.297,45.821,77.017,0.901,1
354,5.9,530.01,203.431,41.986,76.007,0.906,1
354,5.9,587.381,226.142,23.761,71.234,0.898,0
355,5.916666666666667,257.975,214.116,42.941,100.034,0.898,1
355,5.916666666666667,327.005,213.453,45.166,98.655,0.91,1
355,5.916666666666667,495.5,199.5,46.373,75.692,0.916,1
355,5.916666666666667,531.528,204.5,43.42,77.133,0.898,1
355,5.916666666666667,587.388,226.788,25.932,69.502,0.92,0
356,5.933333333333334,258.563,213.937,46.701,100.931,0.895,1
356,5.933333333333334,330.477,212.37,46.82,98.128,0.9,1
356,5.933333333333334,497.501,199.415,45.384,75.883,0.901,1
356,5.933333333333334,531.432,202.772,39.53,76.917,0.898,1
356,5.933333333333334,587.42,226.352,26.961,74.698,0.907,0
357,5.95,259.53,214.843,42.882,98.545,0.902,1
357,5.95,331.502,211.849,44.832,97.956,0.896,1
357,5.95,499.07,201.71,45.762,78.011,0.91,1
357,5.95,531.116,203.423,39.264,71.558,0.892,1
357,5.95,588.0,227.075,25.351,71.056,0.911,0
358,5.966666666666667,260.0,214.478,42.959,100.732,0.894,1
358,5.966666666666667,333.009,212.973,46.851,98.925,0.9,1
358,5.966666666666667,498.44,200.46,43.956,75.324,0.908,1
358,5.966666666666667,532.095,203.824,41.493,76.415,0.884,1
358,5.966666666666667,588.166,227.152,24.087,72.293,0.867,0
359,5.983333333333333,262.02,214.32,43.259,99.581,0.911,1
359,5.983333333333333,335.047,212.901,46.493,96.202,0.905,1
359,5.983333333333333,500.452,198.906,43.974,74.81,0.902,1
359,5.983333333333333,532.483,203.548,42.062,74.336,0.89,1
359,5.983333333333333,588.806,229.218,22.491,82.019,0.822,0
360,6.0,263.015,214.5,42.958,100.683,0.904,1
360,6.0,337.079,212.743,46.718,96.327,0.908,1
360,6.0,501.5,200.5,47.322,76.912,0.904,1
360,6.0,532.528,204.028,40.153,73.92,0.901,1
360,6.0,589.541,229.721,20.097,85.598,0.749,0
361,6.016666666666667,263.575,214.838,47.258,100.667,0.905,1
361,6.016666666666667,339.047,212.613,46.734,96.56,0.895,1
361,6.016666666666667,504.026,201.072,43.989,74.28,0.911,1
361,6.016666666666667,533.0,203.789,42.096,73.019,0.884,1
361,6.016666666666667,550.455,221.955,12.021,88.615,0.717,0
361,6.016666666666667,591.447,234.026,11.982,86.702,0.709,0
362,6.033333333333333,266.481,212.927,44.445,94.973,0.898,1
362,6.033333333333333,339.944,213.082,45.593,99.883,0.897,1
362,6.033333333333333,505.105,200.873,44.121,76.702,0.9,1
362,6.033333333333333,533.49,203.571,41.519,74.945,0.871,1
362,6.033333333333333,550.618,215.627,25.02,87.181,0.786,0
363,6.05,265.55,215.359,41.217,98.727,0.908,1
363,6.05,341.984,214.604,47.207,99.641,0.896,1
363,6.05,506.053,200.084,44.586,73.194,0.903,1
363,6.05,534.007,203.71,41.499,76.18,0.877,1
363,6.05,551.333,215.244,25.105,92.422,0.841,0
364,6.066666666666666,268.5,214.5,42.971,101.447,0.895,1
364,6.066666666666666,344.041,212.922,48.834,99.191,0.905,1
364,6.066666666666666,506.944,200.884,43.425,76.927,0.904,1
364,6.066666666666666,533.601,203.572,41.516,75.242,0.871,1
364,6.066666666666666,553.505,214.995,27.051,88.175,0.877,0
365,6.083333333333333,268.518,214.383,42.99,97.963,0.905,1
365,6.083333333333333,346.094,213.18,46.203,99.36,0.9,1
365,6.083333333333333,508.5,200.5,43.778,78.382,0.917,1
365,6.083333333333333,533.513,203.307,38.272,72.987,0.881,1
365,6.083333333333333,555.736,215.388,25.012,89.642,0.893,0
366,6.1,270.534,214.463,42.881,98.517,0.894,1
366,6.1,348.385,213.115,44.84,98.123,0.904,1
366,6.1,510.072,201.5,46.458,74.24,0.911,1
366,6.1,533.524,203.241,42.041,74.887,0.885,1
366,6.1,557.351,215.031,26.016,89.693,0.876,0
367,6.116666666666666,270.992,212.663,42.815,97.364,0.905,1
367,6.116666666666666,348.015,213.515,44.745,96.536,0.909,1
367,6.116666666666666,509.993,200.715,44.567,73.598,0.909,1
367,6.116666666666666,535.08,203.86,42.093,73.195,0.882,1
367,6.116666666666666,559.42,215.989,24.224,87.09,0.875,0
368,6.133333333333334,271.981,213.194,44.768,96.876,0.898,1
368,6.133333333333334,349.834,211.977,46.721,96.374,0.896,1
368,6.133333333333334,510.952,201.275,46.447,74.449,0.908,1
368,6.133333333333334,534.563,204.154,40.133,74.396,0.899,1
368,6.133333333333334,561.47,215.53,24.86,80.126,0.895,0
369,6.15,274.021,214.583,42.961,100.854,0.9,1
369,6.15,353.531,212.462,47.25,94.494,0.903,1
369,6.15,511.954,200.906,43.998,73.853,0.903,1
369,6.15,536.0,203.211,42.096,73.019,0.878,1
369,6.15,563.523,215.753,25.472,81.63,0.899,0
370,6.166666666666667,275.563,214.45,42.587,98.697,0.894,1
370,6.166666666666667,354.03,212.308,46.865,99.359,0.895,1
370,6.166666666666667,513.033,201.694,45.768,77.923,0.905,1
370,6.166666666666667,535.476,204.176,41.426,78.19,0.883,1
370,6.166666666666667,566.471,215.209,24.42,83.461,0.885,0
371,6.183333333333334,275.348,214.116,43.381,101.76,0.902,1
371,6.183333333333334,355.505,212.605,46.425,94.741,0.898,1
371,6.183333333333334,514.924,201.313,46.442,74.546,0.907,1
371,6.183333333333334,535.498,203.364,38.838,73.244,0.89,1
371,6.183333333333334,567.979,216.032,26.633,83.476,0.874,0
372,6.2,277.91,214.595,46.5,96.395,0.905,1
372,6.2,357.481,211.846,44.832,97.956,0.909,1
372,6.2,516.99,201.5,45.92,73.728,0.906,1
372,6.2,535.5,204.5,40.703,73.983,0.899,1
372,6.2,571.388,215.437,24.027,89.689,0.887,0
373,6.216666666666667,279.968,213.457,41.564,97.266,0.905,1
373,6.216666666666667,360.01,212.392,42.537,94.088,0.9,1
373,6.216666666666667,518.109,201.252,46.482,73.686,0.9,1
373,6.216666666666667,535.5,204.5,40.703,73.983,0.893,1
373,6.216666666666667,570.844,215.263,24.969,77.52,0.89,0
374,6.233333333333333,279.98,213.58,44.524,96.72,0.898,1
374,6.233333333333333,361.041,211.852,46.706,96.158,0.901,1
374,6.233333333333333,518.419,200.884,43.976,74.745,0.897,1
374,6.233333333333333,535.487,203.747,42.04,74.904,0.888,1
374,6.233333333333333,573.875,216.324,26.388,83.945,0.89,0
375,6.25,281.455,213.441,45.344,101.892,0.901,1
375,6.25,363.46,212.45,42.587,98.7,0.9,1
375,6.25,519.301,200.81,44.642,71.429,0.899,1
375,6.25,535.042,204.324,39.582,75.228,0.886,1
375,6.25,575.407,217.284,25.501,80.216,0.895,0
376,6.266666666666667,283.555,214.543,42.584,98.457,0.889,1
376,6.266666666666667,365.903,213.019,44.752,96.64,0.894,1
376,6.266666666666667,520.551,201.582,47.101,72.855,0.916,1
376,6.266666666666667,536.05,204.478,40.019,76.408,0.888,1
376,6.266666666666667,577.056,215.599,24.685,82.95,0.884,0
377,6.283333333333333,283.973,213.837,44.517,96.527,0.902,1
377,6.283333333333333,368.615,213.885,44.84,98.123,0.903,1
377,6.283333333333333,521.137,202.231,45.313,70.736,0.903,1
377,6.283333333333333,537.5,204.095,40.162,73.697,0.877,1
377,6.283333333333333,539.625,225.0,6.383,69.627,0.679,0
377,6.283333333333333,578.541,215.474,28.45,80.943,0.877,0
378,6.3,286.513,213.452,44.797,97.341,0.908,1
378,6.3,369.451,213.51,44.44,94.885,0.897,1
378,6.3,520.501,201.454,45.861,76.166,0.905,1
378,6.3,536.32,204.751,40.137,74.316,0.898,1
378,6.3,542.419,225.065,7.9,163.191,0.816,0
378,6.3,580.041,216.582,27.291,83.21,0.881,0
379,6.316666666666666,286.945,214.609,42.535,94.063,0.899,1
379,6.316666666666666,371.955,212.258,42.762,96.592,0.903,1
379,6.316666666666666,528.103,203.497,48.364,68.112,0.908,1
379,6.316666666666666,543.39,216.415,24.707,82.648,0.874,0
379,6.316666666666666,581.121,216.317,28.344,84.767,0.882,0
380,6.333333333333333,288.452,212.992,42.469,95.26,0.89,1
380,6.333333333333333,373.501,212.551,46.44,95.023,0.894,1
380,6.333333333333333,528.349,202.764,48.326,72.487,0.898,1
380,6.333333333333333,544.581,215.961,25.424,77.177,0.879,0
380,6.333333333333333,583.013,215.467,21.75,73.916,0.893,0
381,6.35,290.45,215.342,44.811,97.578,0.905,1
381,6.35,375.47,213.4,45.672,97.61,0.899,1
381,6.35,530.397,202.855,49.099,71.333,0.899,1
381,6.35,546.315,215.827,24.537,77.468,0.891,0
381,6.35,583.135,217.494,25.426,83.137,0.893,0
382,6.366666666666666,292.484,214.261,42.869,98.285,0.905,1
382,6.366666666666666,378.005,212.399,46.277,93.407,0.897,1
382,6.366666666666666,530.092,203.178,46.695,70.15,0.932,1
382,6.366666666666666,549.557,215.036,24.83,80.683,0.882,0
382,6.366666666666666,583.5,215.899,23.202,81.469,0.893,0
383,6.383333333333334,292.508,213.449,44.095,90.968,0.903,1
383,6.383333333333334,379.029,212.985,44.757,96.704,0.903,1
383,6.383333333333334,530.231,202.004,51.355,67.792,0.912,1
383,6.383333333333334,550.476,215.506,24.522,79.789,0.874,0
383,6.383333333333334,585.472,215.843,25.3,74.559,0.886,0
384,6.4,294.559,213.688,44.443,94.941,0.912,1
384,6.4,380.569,211.788,44.434,94.791,0.911,1
384,6.4,530.997,202.685,47.765,72.016,0.904,1
384,6.4,552.053,215.356,29.442,80.397,0.893,0
384,6.4,585.455,216.961,26.632,69.115,0.897,0
385,6.416666666666667,296.995,214.17,42.545,96.919,0.898,1
385,6.416666666666667,382.538,213.393,44.105,90.903,0.905,1
385,6.416666666666667,532.011,203.085,46.606,70.971,0.92,1
385,6.416666666666667,553.989,216.943,25.316,82.574,0.878,0
385,6.416666666666667,586.402,217.352,26.477,76.524,0.909,0
386,6.433333333333334,297.962,212.254,42.796,97.07,0.902,1
386,6.433333333333334,384.073,212.512,46.097,93.22,0.9,1
386,6.433333333333334,528.929,201.937,44.001,73.675,0.902,1
386,6.433333333333334,558.048,214.489,27.249,72.187,0.882,0
386,6.433333333333334,587.57,216.861,24.46,82.39,0.911,0
387,6.45,299.489,215.549,44.445,94.968,0.905,1
387,6.45,386.463,212.704,46.415,94.58,0.894,1
387,6.45,530.481,203.115,45.879,75.691,0.9,1
387,6.45,559.492,215.559,25.638,72.624,0.884,0
387,6.45,588.903,216.182,26.307,79.235,0.893,0
388,6.466666666666667,300.52,214.402,42.068,90.832,0.905,1
388,6.466666666666667,388.468,212.631,46.264,94.96,0.897,1
388,6.466666666666667,530.581,202.116,43.976,74.745,0.902,1
388,6.466666666666667,561.545,215.602,25.623,73.097,0.886,0
388,6.466666666666667,588.51,216.09,23.421,73.003,0.9,0
389,6.483333333333333,302.046,214.254,42.229,93.504,0.903,1
389,6.483333333333333,389.441,213.304,44.453,95.126,0.9,1
389,6.483333333333333,530.479,202.412,44.215,75.211,0.91,1
389,6.483333333333333,562.425,216.511,27.461,75.414,0.875,0
389,6.483333333333333,588.929,217.041,24.97,77.508,0.898,0
390,6.5,304.019,213.251,45.352,99.051,0.907,1
390,6.5,391.506,212.449,46.098,93.303,0.895,1
390,6.5,531.964,202.5,43.433,76.58,0.9,1
390,6.5,564.444,216.506,26.486,80.259,0.872,0
390,6.5,589.012,217.082,25.198,77.257,0.893,0
391,6.516666666666667,305.469,214.706,42.238,93.714,0.891,1
391,6.516666666666667,393.529,213.296,44.228,93.573,0.891,1
391,6.516666666666667,532.543,202.483,44.631,71.895,0.918,1
391,6.516666666666667,565.46,216.447,24.405,71.495,0.908,0
391,6.516666666666667,590.883,216.485,23.249,77.236,0.903,0
392,6.533333333333333,306.966,213.333,44.36,93.672,0.899,1
392,6.533333333333333,395.46,213.309,44.205,93.042,0.904,1
392,6.533333333333333,533.067,202.418,44.546,74.008,0.905,1
392,6.533333333333333,566.911,216.922,27.292,79.403,0.899,0
392,6.533333333333333,590.525,216.586,23.675,73.839,0.904,0
393,6.55,307.983,213.708,44.52,96.609,0.902,1
393,6.55,397.903,213.413,48.265,96.334,0.899,1
393,6.55,534.405,202.298,44.623,72.197,0.915,1
393,6.55,568.308,216.849,24.084,73.159,0.9,0
393,6.55,591.411,217.103,25.594,73.889,0.885,0
394,6.566666666666666,308.953,213.488,44.231,93.644,0.895,1
394,6.566666666666666,399.506,211.544,44.437,94.84,0.907,1
394,6.566666666666666,535.258,200.182,44.51,74.619,0.915,1
394,6.566666666666666,570.104,215.525,25.413,77.347,0.9,0
394,6.566666666666666,589.388,217.394,25.039,73.886,0.877,0
395,6.583333333333333,310.951,213.794,44.217,93.305,0.903,1
395,6.583333333333333,400.635,213.096,44.012,90.144,0.894,1
395,6.583333333333333,534.484,202.608,43.965,75.068,0.911,1
395,6.583333333333333,571.082,215.601,26.284,71.824,0.897,0
395,6.583333333333333,590.988,216.712,24.421,71.251,0.899,0
396,6.6,312.605,213.753,44.009,90.109,0.905,1
396,6.6,402.94,212.904,46.342,93.48,0.904,1
396,6.6,536.703,203.522,42.762,70.888,0.924,1
396,6.6,574.492,217.23,27.436,75.959,0.9,0
396,6.6,590.425,217.039,26.949,76.144,0.921,0
397,6.616666666666666,314.492,213.959,45.046,90.998,0.9,1
397,6.616666666666666,404.977,212.652,46.213,93.301,0.898,1
397,6.616666666666666,536.848,201.768,46.484,73.642,0.914,1
397,6.616666666666666,573.888,216.625,23.806,70.231,0.892,0
397,6.616666666666666,589.481,216.728,23.766,71.471,0.892,0
398,6.633333333333334,316.981,212.704,46.211,93.237,0.89,1
398,6.633333333333334,407.5,212.5,46.098,93.278,0.9,1
398,6.633333333333334,536.446,203.722,44.932,78.338,0.9,1
398,6.633333333333334,574.539,216.702,26.958,75.275,0.895,0
398,6.633333333333334,589.128,216.683,24.409,70.509,0.9,0
399,6.65,318.462,211.319,44.025,90.297,0.892,1
399,6.65,408.483,213.409,44.039,90.466,0.907,1
399,6.65,537.831,203.39,44.007,71.614,0.897,1
399,6.65,574.517,217.266,22.468,63.163,0.898,0
399,6.65,588.481,217.631,25.04,73.689,0.902,0
400,6.666666666666667,320.063,212.937,46.098,93.284,0.902,1
400,6.666666666666667,410.469,212.904,46.418,94.622,0.907,1
400,6.666666666666667,539.099,203.804,44.599,72.889,0.897,1
400,6.666666666666667,576.989,216.989,27.248,71.772,0.902,0
400,6.666666666666667,588.582,217.967,23.131,72.78,0.909,0
401,6.683333333333334,321.547,212.481,46.416,94.592,0.902,1
401,6.683333333333334,412.462,213.7,44.105,90.907,0.906,1
401,6.683333333333334,539.378,205.512,41.676,77.447,0.921,1
401,6.683333333333334,577.395,216.497,23.543,79.48,0.919,0
401,6.683333333333334,587.046,218.079,23.638,74.557,0.909,0
402,6.7,323.002,213.815,44.224,93.484,0.907,1
402,6.7,414.608,212.155,44.021,89.753,0.899,1
402,6.7,539.756,206.516,40.591,82.132,0.917,1
402,6.7,582.137,217.373,30.513,63.646,0.901,0
403,6.716666666666667,324.936,213.589,44.227,93.546,0.896,1
403,6.716666666666667,416.641,213.449,44.011,90.088,0.9,1
403,6.716666666666667,540.776,206.475,42.958,79.303,0.857,1
403,6.716666666666667,581.985,217.317,30.723,55.358,0.919,0
404,6.733333333333333,326.508,212.147,46.091,90.923,0.897,1
404,6.733333333333333,418.365,211.904,44.012,90.144,0.895,1
404,6.733333333333333,542.219,206.123,37.854,79.564,0.855,1
404,6.733333333333333,582.697,217.577,28.128,65.796,0.926,0
405,6.75,327.513,213.362,44.342,93.439,0.899,1
405,6.75,419.516,212.705,46.216,86.634,0.9,1
405,6.75,543.306,209.944,40.315,81.85,0.909,1
405,6.75,579.778,217.42,24.732,72.16,0.903,0
406,6.766666666666667,330.01,213.54,44.36,93.665,0.89,1
406,6.766666666666667,421.493,212.208,46.331,93.34,0.903,1
406,6.766666666666667,544.918,212.218,30.701,81.819,0.909,1
406,6.766666666666667,580.425,216.688,24.072,74.424,0.914,0
407,6.783333333333333,332.014,213.454,44.294,92.839,0.904,1
407,6.783333333333333,423.549,213.102,44.212,86.794,0.899,1
407,6.783333333333333,544.98,210.578,36.346,83.152,0.802,1
407,6.783333333333333,579.971,217.076,25.037,71.969,0.913,0
408,6.8,332.399,213.297,44.006,90.075,0.908,1
408,6.8,424.481,211.704,44.065,89.205,0.905,1
408,6.8,546.357,213.339,24.456,82.493,0.758,1
408,6.8,580.445,217.445,26.14,79.963,0.921,0
409,6.816666666666666,334.618,213.5,44.0,90.0,0.896,1
409,6.816666666666666,426.5,213.123,44.071,89.397,0.904,1
409,6.816666666666666,547.5,214.929,16.261,82.611,0.89,1
409,6.816666666666666,580.092,217.658,24.317,77.322,0.922,0
410,6.833333333333333,337.5,214.5,46.098,86.722,0.899,1
410,6.833333333333333,427.549,213.102,44.212,86.794,0.899,1
410,6.833333333333333,548.786,215.643,12.022,88.545,0.789,1
410,6.833333333333333,580.682,218.148,27.247,71.604,0.912,0
411,6.85,222.409,217.545,11.036,92.687,0.809,1
411,6.85,338.52,212.797,42.072,90.877,0.896,1
411,6.85,431.521,213.315,44.334,86.667,0.901,1
411,6.85,548.952,217.667,8.058,85.383,0.568,1
411,6.85,580.3,217.343,23.777,71.283,0.878,0
412,6.866666666666666,224.312,218.938,7.024,88.482,0.561,1
412,6.866666666666666,340.394,213.344,44.045,89.623,0.904,1
412,6.866666666666666,432.02,212.872,42.519,86.081,0.906,1
412,6.866666666666666,581.532,220.04,23.407,73.502,0.929,0
414,6.9,225.233,214.919,22.326,96.822,0.889,1
414,6.9,342.519,211.704,44.065,90.795,0.903,1
414,6.9,434.949,212.704,42.38,86.112,0.895,1
414,6.9,581.625,222.688,18.405,81.472,0.94,0
415,6.916666666666667,226.809,213.921,19.383,98.042,0.775,1
415,6.916666666666667,345.478,212.41,42.332,86.735,0.905,1
415,6.916666666666667,436.5,212.5,46.073,90.904,0.894,1
415,6.916666666666667,581.97,220.791,16.403,82.242,0.755,0
416,6.933333333333334,228.974,213.017,26.379,95.836,0.765,1
416,6.933333333333334,348.322,213.551,48.002,89.969,0.898,1
416,6.933333333333334,438.51,214.247,46.064,89.216,0.897,1
416,6.933333333333334,581.229,222.714,12.144,84.309,0.678,0
417,6.95,228.178,210.046,32.4,99.587,0.913,1
417,6.95,348.622,213.349,44.03,90.245,0.899,1
417,6.95,441.531,212.706,42.238,86.286,0.896,1
417,6.95,582.609,224.522,12.045,85.313,0.857,0
418,6.966666666666667,230.073,209.011,34.376,98.361,0.815,1
418,6.966666666666667,350.447,213.016,46.06,90.736,0.896,1
418,6.966666666666667,442.906,211.992,42.219,86.713,0.903,1
419,6.983333333333333,230.6,207.895,37.138,104.716,0.842,1
419,6.983333333333333,352.619,212.312,42.006,90.049,0.898,1
419,6.983333333333333,444.598,213.4,48.004,89.926,0.889,1
420,7.0,231.626,207.777,34.928,101.324,0.919,1
420,7.0,354.481,214.704,46.06,89.277,0.896,1
420,7.0,445.5,212.5,42.379,86.127,0.914,1
421,7.016666666666667,232.026,205.013,37.134,105.329,0.911,1
421,7.016666666666667,236.556,241.778,5.069,85.269,0.79,0
421,7.016666666666667,355.49,213.888,44.226,86.476,0.9,1
421,7.016666666666667,448.519,212.708,46.036,89.235,0.893,1
422,7.033333333333333,232.785,205.219,40.154,106.105,0.889,1
422,7.033333333333333,237.75,242.5,6.0,90.0,0.627,0
422,7.033333333333333,358.614,213.55,44.002,90.035,0.894,1
422,7.033333333333333,449.063,213.549,44.727,83.714,0.896,1
423,7.05,234.287,203.647,42.103,107.37,0.888,1
423,7.05,238.587,241.109,14.149,97.401,0.787,0
423,7.05,360.519,213.296,44.065,89.205,0.9,1
423,7.05,450.519,213.296,44.065,89.205,0.904,1
424,7.066666666666666,234.073,203.274,41.023,103.597,0.903,1
424,7.066666666666666,240.826,237.029,20.096,97.8,0.763,0
424,7.066666666666666,362.481,213.096,44.127,88.898,0.902,1
424,7.066666666666666,453.019,211.381,44.721,83.793,0.901,1
425,7.083333333333333,235.432,203.661,42.421,108.187,0.904,1
425,7.083333333333333,241.219,237.466,20.087,98.474,0.897,0
425,7.083333333333333,362.608,212.45,46.002,89.969,0.893,1
425,7.083333333333333,454.492,212.449,46.262,85.144,0.897,1
426,7.1,235.974,203.487,38.625,108.27,0.91,1
426,7.1,242.384,233.226,28.29,97.368,0.918,0
426,7.1,365.506,212.455,42.461,84.89,0.905,1
426,7.1,456.029,213.382,44.365,86.26,0.903,1
428,7.133333333333334,236.953,203.759,41.021,103.767,0.893,1
428,7.133333333333334,243.019,235.057,26.293,96.57,0.904,0
428,7.133333333333334,368.864,212.197,42.492,86.326,0.9,1
428,7.133333333333334,458.864,212.771,46.299,87.074,0.902,1
429,7.15,238.111,204.557,43.443,106.083,0.892,1
429,7.15,242.324,234.775,24.215,93.812,0.842,0
429,7.15,370.519,213.296,44.065,89.205,0.897,1
429,7.15,460.969,214.214,42.243,86.158,0.896,1
430,7.166666666666667,237.657,202.79,43.96,104.796,0.92,1
430,7.166666666666667,241.146,237.622,20.497,97.668,0.878,0
430,7.166666666666667,372.993,211.368,44.341,86.574,0.911,1
430,7.166666666666667,461.995,213.319,48.479,83.852,0.9,1
431,7.183333333333334,239.629,202.618,43.45,105.196,0.906,1
431,7.183333333333334,241.083,240.542,10.21,99.978,0.722,0
431,7.183333333333334,374.5,212.5,46.073,89.096,0.892,1
431,7.183333333333334,464.519,212.95,45.13,81.789,0.906,1
432,7.2,240.154,203.137,42.095,106.9,0.92,1
432,7.2,242.0,241.833,8.0,90.0,0.634,0
432,7.2,376.922,212.5,46.31,86.934,0.907,1
432,7.2,465.02,213.58,44.524,83.28,0.9,1
433,7.216666666666667,240.721,202.777,43.972,105.131,0.9,1
433,7.216666666666667,378.949,212.612,46.34,86.551,0.887,1
433,7.216666666666667,466.439,213.11,46.53,82.45,0.895,1
434,7.233333333333333,241.475,202.439,43.973,105.158,0.911,1
434,7.233333333333333,380.04,212.343,46.345,86.484,0.897,1
434,7.233333333333333,468.047,212.522,46.218,86.594,0.894,1
435,7.25,241.517,202.761,43.415,102.691,0.896,1
435,7.25,382.519,213.296,44.065,89.205,0.894,1
435,7.25,469.489,213.45,44.557,81.894,0.904,1
436,7.266666666666667,240.417,203.029,45.249,106.592,0.923,1
436,7.266666666666667,383.524,213.214,44.364,86.268,0.896,1
436,7.266666666666667,471.5,213.5,44.468,84.6,0.887,1
437,7.283333333333333,233.784,235.627,22.978,101.591,0.913,0
437,7.283333333333333,240.526,204.057,46.019,109.906,0.93,1
437,7.283333333333333,384.601,213.304,44.829,82.096,0.899,1
437,7.283333333333333,474.085,213.433,45.213,80.688,0.904,1
440,7.333333333333333,232.035,235.0,22.382,95.486,0.893,0
440,7.333333333333333,241.561,203.298,47.457,110.486,0.924,1
440,7.333333333333333,390.559,213.312,44.443,85.059,0.908,1
440,7.333333333333333,475.977,212.78,46.216,86.623,0.902,1
441,7.35,232.352,235.73,22.309,96.182,0.802,0
441,7.35,242.092,203.375,47.523,111.034,0.918,1
441,7.35,393.045,212.488,46.726,83.551,0.894,1
441,7.35,478.445,213.704,44.858,81.489,0.895,1
442,7.366666666666666,230.982,234.867,24.147,93.755,0.88,0
442,7.366666666666666,234.899,204.488,40.204,107.876,0.884,1
442,7.366666666666666,247.346,202.635,40.751,106.711,0.923,1
442,7.366666666666666,395.031,212.459,42.786,83.076,0.906,1
442,7.366666666666666,479.523,213.555,44.458,84.789,0.889,1
443,7.383333333333334,230.622,237.77,19.105,97.813,0.77,0
443,7.383333333333334,235.523,205.452,37.553,102.537,0.898,1
443,7.383333333333334,247.995,202.689,43.873,102.986,0.911,1
443,7.383333333333334,397.015,211.787,44.515,83.529,0.902,1
443,7.383333333333334,481.548,214.094,42.889,81.31,0.902,1
444,7.4,230.297,236.78,21.379,98.936,0.782,0
444,7.4,235.511,205.379,38.84,106.781,0.902,1
444,7.4,249.43,202.242,44.16,104.862,0.912,1
444,7.4,398.441,211.688,44.443,85.059,0.908,1
444,7.4,483.559,213.304,44.453,84.874,0.903,1
445,7.416666666666667,229.071,237.643,20.505,97.865,0.889,0
445,7.416666666666667,235.019,205.747,40.973,100.082,0.883,1
445,7.416666666666667,250.568,202.701,43.964,104.899,0.905,1
445,7.416666666666667,399.487,213.499,44.44,85.113,0.904,1
445,7.416666666666667,485.508,213.796,44.834,82.011,0.903,1
446,7.433333333333334,229.426,236.66,19.028,93.178,0.672,0
446,7.433333333333334,235.455,204.611,39.505,102.529,0.883,1
446,7.433333333333334,250.653,201.394,45.714,101.303,0.899,1
446,7.433333333333334,402.028,212.783,46.5,83.582,0.904,1
446,7.433333333333334,485.494,213.544,44.437,85.16,0.909,1
447,7.45,227.973,239.622,14.036,95.549,0.822,0
447,7.45,235.535,205.369,39.275,110.122,0.895,1
447,7.45,251.988,202.705,43.873,102.997,0.908,1
447,7.45,403.97,212.211,43.031,83.037,0.904,1
447,7.45,487.482,213.106,44.828,82.108,0.903,1
448,7.466666666666667,227.922,237.392,18.029,93.3,0.847,0
448,7.466666666666667,236.023,205.471,42.086,106.474,0.872,1
448,7.466666666666667,251.594,202.703,43.962,104.841,0.905,1
448,7.466666666666667,405.5,212.5,46.529,82.457,0.895,1
448,7.466666666666667,489.063,213.296,44.76,83.241,0.907,1
449,7.483333333333333,227.12,236.74,16.131,96.668,0.747,0
449,7.483333333333333,236.049,205.261,38.116,104.146,0.892,1
449,7.483333333333333,253.141,201.704,45.828,103.106,0.906,1
449,7.483333333333333,407.5,212.5,46.529,82.457,0.895,1
449,7.483333333333333,489.507,213.449,45.344,78.108,0.908,1
450,7.5,226.571,241.929,8.046,93.287,0.76,0
450,7.5,236.5,205.5,41.009,101.355,0.88,1
450,7.5,253.911,202.323,43.914,103.735,0.906,1
450,7.5,410.5,212.5,42.847,82.122,0.904,1
450,7.5,490.473,214.053,42.872,81.659,0.908,1
451,7.516666666666667,226.556,240.944,10.03,92.042,0.726,0
451,7.516666666666667,235.544,205.386,41.457,102.505,0.881,1
451,7.516666666666667,255.007,201.45,45.92,106.292,0.905,1
451,7.516666666666667,410.892,212.651,47.178,80.822,0.898,1
451,7.516666666666667,492.135,213.341,45.24,80.285,0.907,1
452,7.533333333333333,235.486,205.283,37.569,102.826,0.895,1
452,7.533333333333333,256.428,202.213,43.971,105.087,0.898,1
452,7.533333333333333,412.506,212.647,42.63,84.985,0.906,1
452,7.533333333333333,494.48,213.319,45.081,82.361,0.899,1
453,7.55,236.113,204.407,40.021,103.626,0.887,1
453,7.55,257.927,202.348,44.174,103.203,0.903,1
453,7.55,415.505,213.033,44.808,82.487,0.899,1
453,7.55,495.488,213.121,44.646,84.714,0.891,1
454,7.566666666666666,236.093,204.942,39.447,101.441,0.887,1
454,7.566666666666666,257.01,200.969,43.998,106.16,0.905,1
454,7.566666666666666,417.494,211.998,44.83,82.085,0.9,1
454,7.566666666666666,496.027,213.372,44.918,79.616,0.894,1
455,7.583333333333333,237.046,205.363,41.493,103.58,0.873,1
455,7.583333333333333,259.432,201.704,45.874,104.171,0.912,1
455,7.583333333333333,418.938,211.954,45.258,79.981,0.902,1
455,7.583333333333333,497.527,214.5,43.168,81.595,0.906,1
456,7.6,236.093,204.543,40.204,107.887,0.885,1
456,7.6,261.01,200.969,43.998,106.16,0.912,1
456,7.6,419.937,211.704,44.76,83.241,0.901,1
456,7.6,498.5,213.5,44.794,82.715,0.913,1
457,7.616666666666666,237.564,206.084,40.129,105.512,0.875,1
457,7.616666666666666,261.512,201.329,45.877,104.253,0.901,1
457,7.616666666666666,421.5,212.5,46.529,82.457,0.896,1
457,7.616666666666666,501.031,214.459,42.786,83.076,0.908,1
458,7.633333333333334,236.55,205.186,37.6,103.484,0.875,1
458,7.633333333333334,263.108,201.5,45.376,103.233,0.901,1
458,7.633333333333334,423.515,212.533,46.531,82.396,0.894,1
458,7.633333333333334,500.944,213.43,44.914,79.824,0.895,1
459,7.65,236.932,204.032,41.975,103.799,0.886,1
459,7.65,263.115,201.4,45.374,103.1,0.897,1
459,7.65,426.085,213.027,45.21,80.738,0.904,1
459,7.65,502.53,213.484,44.862,81.407,0.895,1
460,7.666666666666667,237.491,205.195,38.266,106.852,0.886,1
460,7.666666666666667,264.519,201.115,45.879,104.309,0.904,1
460,7.666666666666667,427.005,211.905,44.497,83.978,0.901,1
460,7.666666666666667,503.975,214.884,42.941,79.966,0.906,1
461,7.683333333333334,237.965,204.239,39.585,104.909,0.882,1
461,7.683333333333334,265.871,201.3,45.813,102.819,0.897,1
461,7.683333333333334,429.073,213.292,44.758,83.27,0.895,1
461,7.683333333333334,504.02,214.58,43.249,80.562,0.911,1
462,7.7,238.091,204.913,41.971,103.723,0.884,1
462,7.7,267.581,200.675,43.966,104.958,0.904,1
462,7.7,429.924,212.389,46.5,83.592,0.891,1
462,7.7,505.027,213.383,44.762,83.223,0.894,1
463,7.716666666666667,238.446,204.5,39.959,102.778,0.881,1
463,7.716666666666667,268.015,200.173,44.959,106.189,0.901,1
463,7.716666666666667,432.39,211.363,45.325,78.613,0.903,1
463,7.716666666666667,507.546,214.653,46.801,82.281,0.892,1
464,7.733333333333333,238.889,204.472,40.204,107.851,0.88,1
464,7.733333333333333,270.01,201.5,45.92,106.272,0.904,1
464,7.733333333333333,433.497,213.987,42.864,81.804,0.901,1
464,7.733333333333333,508.556,214.704,47.283,78.704,0.898,1
465,7.75,239.554,204.203,40.138,105.709,0.879,1
465,7.75,271.418,200.296,43.964,104.887,0.903,1
465,7.75,436.968,212.363,47.138,81.408,0.907,1
465,7.75,509.065,214.268,43.121,79.85,0.896,1
466,7.766666666666667,239.427,204.71,40.144,105.854,0.881,1
466,7.766666666666667,271.975,200.31,44.557,106.204,0.907,1
466,7.766666666666667,438.101,214.543,46.861,80.782,0.898,1
466,7.766666666666667,509.874,214.487,46.5,83.591,0.893,1
467,7.783333333333333,238.543,205.184,42.733,108.181,0.876,1
467,7.783333333333333,272.904,200.175,43.422,102.92,0.899,1
467,7.783333333333333,440.079,212.509,46.864,80.675,0.895,1
467,7.783333333333333,511.652,214.116,43.381,78.24,0.902,1
468,7.8,239.185,204.747,40.098,104.885,0.892,1
468,7.8,274.402,201.467,45.311,101.056,0.909,1
468,7.8,441.91,212.405,46.5,83.605,0.9,1
468,7.8,511.531,215.16,45.327,78.567,0.91,1
469,7.816666666666666,239.409,203.643,41.514,104.627,0.877,1
469,7.816666666666666,277.054,201.021,44.406,105.95,0.906,1
469,7.816666666666666,442.978,212.631,43.867,77.112,0.91,1
469,7.816666666666666,513.892,213.835,44.894,80.56,0.901,1
470,7.833333333333333,240.45,203.613,42.059,105.581,0.884,1
470,7.833333333333333,278.111,200.544,43.856,102.725,0.909,1
470,7.833333333333333,444.615,213.115,44.84,81.877,0.904,1
470,7.833333333333333,513.575,214.447,43.161,81.667,0.905,1
471,7.85,241.514,203.717,37.569,102.826,0.884,1
471,7.85,278.98,200.68,43.259,99.581,0.913,1
471,7.85,445.849,211.549,45.81,77.231,0.896,1
471,7.85,516.135,215.309,45.245,80.19,0.906,1
472,7.866666666666666,242.108,203.315,41.923,102.973,0.891,1
472,7.866666666666666,279.5,199.885,45.324,101.343,0.908,1
472,7.866666666666666,448.537,213.95,46.947,82.105,0.893,1
472,7.866666666666666,515.073,214.168,45.143,76.128,0.901,1
473,7.883333333333334,242.11,202.619,39.556,103.81,0.888,1
473,7.883333333333334,282.5,200.5,43.96,104.783,0.904,1
473,7.883333333333334,449.559,213.304,44.453,84.874,0.893,1
473,7.883333333333334,517.039,213.322,45.839,76.673,0.895,1
474,7.9,242.987,203.564,41.492,103.545,0.881,1
474,7.9,282.991,199.387,45.78,102.257,0.909,1
474,7.9,451.509,213.652,45.339,78.246,0.907,1
474,7.9,517.524,215.035,42.858,81.919,0.9,1
475,7.916666666666667,242.581,202.365,39.939,102.523,0.89,1
475,7.916666666666667,284.528,200.528,43.958,104.744,0.907,1
475,7.916666666666667,453.109,213.261,45.832,76.814,0.902,1
475,7.916666666666667,519.015,214.391,43.269,80.27,0.909,1
476,7.933333333333334,244.1,204.421,40.004,103.379,0.885,1
476,7.933333333333334,286.091,200.876,44.657,109.708,0.904,1
476,7.933333333333334,454.499,213.451,45.664,79.32,0.911,1
476,7.933333333333334,518.949,213.484,44.915,79.772,0.896,1
477,7.95,244.556,203.931,40.144,105.844,0.893,1
477,7.95,286.893,200.358,44.598,107.095,0.899,1
477,7.95,455.533,213.166,49.203,79.857,0.894,1
477,7.95,520.616,215.165,44.838,81.929,0.904,1
478,7.966666666666667,245.5,203.5,41.41,101.493,0.884,1
478,7.966666666666667,288.441,200.634,43.797,101.869,0.916,1
478,7.966666666666667,457.84,211.782,44.886,80.808,0.902,1
478,7.966666666666667,521.635,214.165,43.386,78.137,0.907,1
479,7.983333333333333,245.493,203.118,41.424,101.781,0.885,1
479,7.983333333333333,289.448,200.786,44.497,105.183,0.908,1
479,7.983333333333333,459.815,211.622,45.818,77.078,0.902,1
479,7.983333333333333,523.102,215.15,44.887,80.753,0.901,1
480,8.0,245.5,202.5,43.365,101.4,0.9,1
480,8.0,292.99,199.5,45.92,106.272,0.907,1
480,8.0,462.143,213.317,45.242,80.243,0.906,1
480,8.0,523.5,214.5,44.649,71.043,0.912,1
481,8.016666666666667,247.482,202.972,43.944,104.368,0.909,1
481,8.016666666666667,292.48,198.78,44.932,101.739,0.896,1
481,8.016666666666667,463.067,213.017,45.062,80.482,0.895,1
481,8.016666666666667,524.543,214.419,43.384,78.172,0.901,1
482,8.033333333333333,247.618,202.982,43.592,101.873,0.907,1
482,8.033333333333333,295.207,199.367,45.369,102.833,0.901,1
482,8.033333333333333,464.501,212.349,43.745,78.788,0.913,1
482,8.033333333333333,524.904,214.621,43.313,79.587,0.897,1
483,8.05,247.084,203.284,41.945,103.313,0.916,1
483,8.05,296.5,200.5,43.96,104.783,0.905,1
483,8.05,465.491,213.348,45.339,78.246,0.902,1
483,8.05,525.468,215.595,41.422,78.257,0.905,1
484,8.066666666666666,248.945,203.19,45.355,102.269,0.901,1
484,8.066666666666666,298.009,199.613,45.78,102.257,0.906,1
484,8.066666666666666,468.539,213.16,45.875,75.796,0.909,1
484,8.066666666666666,525.504,214.438,43.965,75.078,0.907,1
485,8.083333333333334,248.5,203.5,41.87,102.251,0.913,1
485,8.083333333333334,299.512,198.909,46.891,101.293,0.9,1
485,8.083333333333334,469.5,212.5,47.322,76.912,0.894,1
485,8.083333333333334,525.985,214.335,43.872,77.027,0.91,1
486,8.1,248.822,202.454,39.449,101.478,0.915,1
486,8.1,300.577,200.228,45.331,101.52,0.909,1
486,8.1,469.982,212.975,46.854,80.996,0.899,1
486,8.1,528.153,215.346,45.241,80.261,0.901,1
487,8.116666666666667,248.995,201.704,42.024,104.727,0.91,1
487,8.116666666666667,302.5,199.5,44.868,98.734,0.89,1
487,8.116666666666667,471.807,213.332,45.37,77.111,0.906,1
487,8.116666666666667,529.934,214.715,43.91,76.352,0.901,1
488,8.133333333333333,250.45,203.05,40.932,99.082,0.895,1
488,8.133333333333333,303.15,199.749,45.825,103.051,0.905,1
488,8.133333333333333,474.539,213.16,45.875,75.796,0.904,1
488,8.133333333333333,530.056,214.116,43.425,76.927,0.9,1
489,8.15,251.4,202.12,43.382,101.776,0.899,1
489,8.15,306.107,198.753,44.599,107.133,0.907,1
489,8.15,475.512,213.107,47.636,79.24,0.898,1
489,8.15,529.505,215.345,45.338,78.267,0.896,1
490,8.166666666666666,252.896,202.995,41.981,100.957,0.907,1
490,8.166666666666666,308.157,199.667,45.242,99.754,0.907,1
490,8.166666666666666,477.482,213.546,45.303,79.124,0.909,1
490,8.166666666666666,531.146,214.51,43.442,76.102,0.896,1
491,8.183333333333334,184.727,231.909,7.983,93.987,0.785,0
491,8.183333333333334,252.447,202.47,43.379,101.708,0.905,1
491,8.183333333333334,309.098,198.397,42.762,96.596,0.908,1
491,8.183333333333334,477.43,213.547,46.343,76.115,0.914,1
491,8.183333333333334,529.934,214.853,43.898,76.569,0.901,1
492,8.2,184.667,233.5,8.0,90.0,0.822,0
492,8.2,253.929,202.296,43.911,103.679,0.913,1
492,8.2,309.991,199.349,45.187,98.943,0.912,1
492,8.2,479.479,213.462,45.384,75.896,0.906,1
492,8.2,531.005,213.679,41.988,75.978,0.915,1
493,8.216666666666667,184.667,231.5,8.0,90.0,0.816,0
493,8.216666666666667,254.551,201.736,40.918,98.803,0.89,1
493,8.216666666666667,311.84,198.67,47.303,101.989,0.911,1
493,8.216666666666667,480.61,213.194,45.31,78.972,0.909,1
493,8.216666666666667,531.469,214.479,43.45,74.994,0.898,1
494,8.233333333333333,185.471,228.863,16.125,95.746,0.735,0
494,8.233333333333333,255.947,202.482,43.894,103.356,0.905,1
494,8.233333333333333,314.481,199.608,46.279,100.733,0.912,1
494,8.233333333333333,482.578,213.441,44.931,78.608,0.894,1
494,8.233333333333333,532.5,215.5,45.897,75.096,0.9,1
495,8.25,184.976,227.619,24.081,96.227,0.756,0
495,8.25,256.0,201.521,41.318,100.011,0.902,1
495,8.25,314.792,199.394,45.234,99.631,0.905,1
495,8.25,483.932,213.901,44.891,80.634,0.901,1
495,8.25,533.45,215.348,45.628,75.872,0.892,1
496,8.266666666666667,185.0,229.014,20.096,97.81,0.775,0
496,8.266666666666667,257.5,202.5,44.511,105.392,0.909,1
496,8.266666666666667,315.659,198.478,48.035,103.692,0.91,1
496,8.266666666666667,485.016,213.521,45.792,77.54,0.905,1
496,8.266666666666667,533.522,215.509,41.408,78.545,0.903,1
497,8.283333333333333,185.327,226.692,28.251,95.18,0.92,0
497,8.283333333333333,257.502,201.576,45.342,101.845,0.906,1
497,8.283333333333333,319.012,199.857,47.299,101.821,0.903,1
497,8.283333333333333,487.504,213.55,45.344,78.111,0.903,1
497,8.283333333333333,534.074,213.79,41.31,80.1,0.909,1
498,8.3,185.293,225.603,30.222,94.428,0.93,0
498,8.3,258.144,201.667,45.249,99.872,0.908,1
498,8.3,319.873,199.441,45.841,103.368,0.907,1
498,8.3,486.48,212.914,46.147,75.249,0.905,1
498,8.3,534.957,215.26,42.667,73.268,0.916,1
499,8.316666666666666,186.247,225.747,30.266,96.505,0.825,0
499,8.316666666666666,259.907,201.45,45.377,103.259,0.901,1
499,8.316666666666666,321.04,198.262,43.879,103.095,0.898,1
499,8.316666666666666,489.443,213.448,45.288,79.432,0.903,1
499,8.316666666666666,534.5,215.5,41.021,77.784,0.896,1
500,8.333333333333334,184.864,225.038,30.833,103.348,0.924,0
500,8.333333333333334,259.888,202.602,43.438,103.679,0.9,1
500,8.333333333333334,323.956,199.083,44.89,99.331,0.908,1
500,8.333333333333334,490.532,213.603,45.325,78.634,0.886,1
500,8.333333333333334,536.517,215.483,45.896,75.117,0.895,1
501,8.35,185.345,223.042,29.095,102.601,0.933,0
501,8.35,261.917,201.607,45.373,103.031,0.896,1
501,8.35,325.484,199.139,45.325,101.389,0.906,1
501,8.35,491.129,213.305,45.223,80.547,0.896,1
501,8.35,535.98,214.076,39.582,75.197,0.901,1
502,8.366666666666667,185.392,223.348,31.353,105.648,0.902,0
502,8.366666666666667,262.613,201.706,45.303,100.878,0.902,1
502,8.366666666666667,325.947,199.673,46.234,102.57,0.9,1
502,8.366666666666667,493.881,213.734,45.83,76.852,0.9,1
502,8.366666666666667,535.521,216.549,44.6,72.865,0.909,1
503,8.383333333333333,186.123,222.166,30.12,106.341,0.936,0
503,8.383333333333333,263.816,201.717,45.368,102.789,0.902,1
503,8.383333333333333,328.053,199.529,44.916,100.308,0.897,1
503,8.383333333333333,495.46,213.26,45.882,75.613,0.903,1
503,8.383333333333333,536.59,216.216,43.971,74.886,0.9,1
504,8.4,184.0,223.135,29.786,109.159,0.931,0
504,8.4,265.005,201.321,41.988,104.022,0.917,1
504,8.4,330.598,199.849,44.837,98.061,0.909,1
504,8.4,495.501,213.839,45.321,78.731,0.909,1
504,8.4,537.071,216.296,43.911,76.321,0.911,1
505,8.416666666666666,184.41,222.651,28.513,108.632,0.921,0
505,8.416666666666666,265.974,201.386,45.192,99.013,0.909,1
505,8.416666666666666,332.538,198.916,46.795,97.609,0.905,1
505,8.416666666666666,496.963,212.831,47.289,78.523,0.898,1
505,8.416666666666666,537.479,216.501,43.409,77.498,0.887,1
506,8.433333333333334,183.99,222.922,31.08,104.592,0.93,0
506,8.433333333333334,266.526,201.401,45.127,101.343,0.89,1
506,8.433333333333334,334.936,198.682,47.145,98.687,0.914,1
506,8.433333333333334,498.07,212.52,47.837,74.55,0.897,1
506,8.433333333333334,539.003,215.661,42.1,72.785,0.88,1
507,8.45,184.045,222.446,31.083,105.096,0.919,0
507,8.45,267.431,201.92,45.706,101.196,0.899,1
507,8.45,335.486,197.798,44.805,97.463,0.894,1
507,8.45,500.553,213.499,45.892,75.266,0.905,1
507,8.45,538.448,215.877,42.039,74.924,0.877,1
508,8.466666666666667,185.19,221.929,31.333,104.629,0.914,0
508,8.466666666666667,269.074,201.223,42.543,96.859,0.899,1
508,8.466666666666667,338.461,199.865,47.252,100.511,0.906,1
508,8.466666666666667,501.536,215.167,45.319,78.779,0.909,1
508,8.466666666666667,538.003,216.076,40.842,71.63,0.89,1
509,8.483333333333333,184.67,222.241,31.364,106.847,0.899,0
509,8.483333333333333,270.858,202.438,43.3,100.205,0.899,1
509,8.483333333333333,338.445,200.045,46.799,97.671,0.9,1
509,8.483333333333333,502.145,214.388,44.596,72.954,0.908,1
509,8.483333333333333,538.459,214.917,40.157,73.831,0.886,1
511,8.516666666666667,185.564,222.102,32.72,110.604,0.888,0
511,8.516666666666667,272.5,201.5,44.93,101.289,0.889,1
511,8.516666666666667,344.034,198.833,47.848,99.236,0.909,1
511,8.516666666666667,503.431,213.292,45.846,76.514,0.916,1
511,8.516666666666667,538.993,214.938,39.407,79.185,0.88,1
512,8.533333333333333,186.04,220.867,32.317,107.559,0.905,0
512,8.533333333333333,272.942,201.673,44.91,100.036,0.893,1
512,8.533333333333333,345.034,198.873,46.854,99.0,0.902,1
512,8.533333333333333,505.423,213.212,46.338,76.184,0.903,1
512,8.533333333333333,538.5,216.5,40.122,74.644,0.885,1
513,8.55,185.008,219.975,33.23,102.997,0.892,0
513,8.55,273.552,199.375,41.893,98.549,0.902,1
513,8.55,347.092,198.957,45.907,102.298,0.895,1
513,8.55,505.885,213.607,45.828,76.882,0.905,1
513,8.55,540.039,216.042,41.964,76.395,0.882,1
514,8.566666666666666,180.633,222.527,35.777,114.706,0.908,0
514,8.566666666666666,275.036,201.263,42.94,99.991,0.901,1
514,8.566666666666666,349.42,198.494,43.214,98.977,0.906,1
514,8.566666666666666,507.385,215.212,45.867,76.017,0.903,1
514,8.566666666666666,539.977,215.264,40.976,79.844,0.877,1
516,8.6,173.2,222.898,30.927,99.577,0.906,0
516,8.6,185.936,221.753,33.235,103.151,0.892,0
516,8.6,277.972,200.55,42.958,100.714,0.905,1
516,8.6,352.445,198.045,46.799,97.671,0.906,1
516,8.6,510.5,214.5,42.968,78.747,0.906,1
516,8.6,540.5,216.5,41.531,70.822,0.891,1
517,8.616666666666667,171.739,222.642,31.931,106.528,0.906,0
517,8.616666666666667,185.884,221.85,33.226,102.871,0.897,0
517,8.616666666666667,278.509,200.519,42.845,97.844,0.907,1
517,8.616666666666667,353.51,198.51,43.721,98.49,0.901,1
517,8.616666666666667,511.455,213.585,45.385,75.756,0.902,1
517,8.616666666666667,540.42,216.396,39.065,77.851,0.872,1
518,8.633333333333333,172.116,223.219,30.113,104.637,0.902,0
518,8.633333333333333,187.037,221.584,30.381,105.229,0.895,0
518,8.633333333333333,279.991,201.398,45.183,98.881,0.912,1
518,8.633333333333333,355.979,199.085,45.056,99.396,0.895,1
518,8.633333333333333,511.929,212.704,43.911,76.321,0.901,1
518,8.633333333333333,540.034,216.459,39.4,79.291,0.886,1
519,8.65,170.055,222.014,31.062,103.27,0.903,0
519,8.65,187.507,221.018,31.649,106.633,0.891,0
519,8.65,281.493,199.844,44.83,97.925,0.901,1
519,8.65,358.433,198.654,47.28,101.22,0.897,1
519,8.65,513.406,214.632,43.371,78.467,0.901,1
519,8.65,541.446,216.203,40.138,74.291,0.875,1
520,8.666666666666666,168.99,222.057,30.724,98.679,0.898,0
520,8.666666666666666,188.507,222.084,32.035,106.639,0.899,0
520,8.666666666666666,282.493,201.211,44.85,98.319,0.893,1
520,8.666666666666666,359.491,198.294,46.43,94.846,0.904,1
520,8.666666666666666,515.466,213.463,42.621,74.037,0.901,1
520,8.666666666666666,541.475,215.184,41.52,74.775,0.871,1
521,8.683333333333334,168.946,222.286,31.972,107.707,0.908,0
521,8.683333333333334,188.479,220.559,32.715,106.393,0.882,0
521,8.683333333333334,283.501,200.548,43.164,98.359,0.901,1
521,8.683333333333334,362.462,196.985,44.438,94.847,0.895,1
521,8.683333333333334,514.511,213.575,45.922,73.043,0.898,1
521,8.683333333333334,540.472,216.972,40.153,73.92,0.883,1
523,8.716666666666667,167.399,222.631,32.317,105.779,0.898,0
523,8.716666666666667,189.492,219.992,33.794,105.078,0.897,0
523,8.716666666666667,286.947,201.471,44.916,100.308,0.897,1
523,8.716666666666667,366.557,197.877,45.123,98.124,0.894,1
523,8.716666666666667,517.496,214.451,44.506,74.684,0.906,1
523,8.716666666666667,540.889,216.528,40.204,72.149,0.872,1
524,8.733333333333333,167.446,222.004,33.796,105.114,0.893,0
524,8.733333333333333,189.377,221.347,33.792,105.025,0.902,0
524,8.733333333333333,286.967,200.5,46.871,99.619,0.898,1
524,8.733333333333333,368.023,198.362,46.865,99.385,0.898,1
524,8.733333333333333,517.488,214.455,46.061,69.439,0.921,1
524,8.733333333333333,541.887,216.759,40.184,72.989,0.876,1
525,8.75,167.926,221.514,31.065,109.445,0.905,0
525,8.75,191.567,219.777,33.156,101.163,0.891,0
525,8.75,288.967,200.5,46.871,99.619,0.898,1
525,8.75,369.491,198.096,46.785,97.413,0.908,1
525,8.75,518.941,213.329,46.447,74.458,0.909,1
525,8.75,540.664,216.253,40.862,71.142,0.88,1
526,8.766666666666667,165.516,223.184,29.336,103.072,0.875,0
526,8.766666666666667,191.443,221.545,34.24,105.083,0.9,0
526,8.766666666666667,290.511,200.592,43.561,97.795,0.904,1
526,8.766666666666667,370.462,199.885,46.419,94.644,0.904,1
526,8.766666666666667,519.5,213.5,45.346,78.054,0.902,1
526,8.766666666666667,540.446,216.5,39.959,77.222,0.885,1
527,8.783333333333333,165.872,221.592,30.118,105.213,0.896,0
527,8.783333333333333,191.371,221.229,33.799,105.185,0.9,0
527,8.783333333333333,292.086,201.871,43.577,100.094,0.904,1
527,8.783333333333333,373.929,198.935,46.725,96.425,0.893,1
527,8.783333333333333,521.088,213.462,45.377,76.694,0.897,1
527,8.783333333333333,540.933,217.234,41.49,76.515,0.876,1
528,8.8,165.1,222.812,33.468,103.273,0.901,0
528,8.8,191.477,221.519,32.764,100.895,0.885,0
528,8.8,292.5,200.5,47.604,100.357,0.923,1
528,8.8,375.009,198.973,46.851,98.925,0.908,1
528,8.8,521.99,214.969,43.998,73.84,0.912,1
528,8.8,540.856,216.747,39.557,76.169,0.89,1
529,8.816666666666666,165.482,222.344,31.027,101.933,0.895,0
529,8.816666666666666,193.938,220.942,35.927,102.689,0.89,0
529,8.816666666666666,293.515,199.801,44.552,95.249,0.897,1
529,8.816666666666666,377.06,196.723,46.716,96.298,0.902,1
529,8.816666666666666,522.024,213.915,45.903,74.867,0.912,1
529,8.816666666666666,541.517,216.772,40.135,74.364,0.881,1
530,8.833333333333334,163.498,221.021,34.234,104.454,0.897,0
530,8.833333333333334,195.038,221.301,33.239,103.287,0.886,0
530,8.833333333333334,294.017,199.631,44.634,96.595,0.902,1
530,8.833333333333334,378.0,198.63,46.714,96.275,0.9,1
530,8.833333333333334,523.435,213.245,42.755,74.291,0.909,1
530,8.833333333333334,541.593,216.059,39.496,77.658,0.88,1
531,8.85,164.486,221.429,30.716,108.299,0.906,0
531,8.85,195.444,220.227,31.234,101.929,0.892,0
531,8.85,297.499,199.901,44.656,95.395,0.896,1
531,8.85,381.386,197.049,46.817,98.052,0.908,1
531,8.85,524.587,214.166,43.974,74.806,0.898,1
531,8.85,540.472,215.459,42.109,71.933,0.889,1
532,8.866666666666667,163.049,221.012,33.69,103.157,0.891,0
532,8.866666666666667,196.017,220.332,34.674,98.547,0.891,0
532,8.866666666666667,297.926,199.732,44.524,96.723,0.894,1
532,8.866666666666667,383.56,197.582,44.431,94.738,0.895,1
532,8.866666666666667,525.583,214.257,43.961,75.183,0.902,1
532,8.866666666666667,541.424,216.428,39.513,77.306,0.89,1
533,8.883333333333333,162.558,221.465,30.722,108.189,0.896,0
533,8.883333333333333,198.144,220.446,30.935,99.728,0.893,0
533,8.883333333333333,299.091,199.849,44.891,99.348,0.9,1
533,8.883333333333333,385.976,198.482,42.559,97.373,0.89,1
533,8.883333333333333,525.963,213.89,42.096,73.032,0.901,1
533,8.883333333333333,539.864,216.425,41.139,73.073,0.893,1
534,8.9,163.49,221.166,33.141,100.878,0.898,0
534,8.9,198.974,220.139,32.31,108.212,0.899,0
534,8.9,301.986,199.669,45.289,100.58,0.892,1
534,8.9,386.538,197.3,44.105,90.907,0.907,1
534,8.9,527.171,214.761,45.299,71.034,0.907,1
534,8.9,541.0,217.259,38.621,71.82,0.897,1
535,8.916666666666666,162.453,221.247,33.794,105.082,0.886,0
535,8.916666666666666,199.458,220.021,33.789,104.957,0.908,0
535,8.916666666666666,302.405,199.3,44.822,97.776,0.893,1
535,8.916666666666666,388.558,197.374,44.612,94.909,0.911,1
535,8.916666666666666,527.094,214.556,47.311,77.654,0.9,1
535,8.916666666666666,539.816,216.666,42.088,73.43,0.894,1
536,8.933333333333334,162.43,221.553,33.272,104.933,0.874,0
536,8.933333333333334,199.973,220.191,35.135,101.573,0.896,0
536,8.933333333333334,304.487,200.209,42.871,98.324,0.901,1
536,8.933333333333334,390.967,196.5,46.22,93.455,0.895,1
536,8.933333333333334,528.504,215.476,43.382,71.45,0.929,1
536,8.933333333333334,540.306,215.777,38.26,73.281,0.893,1
537,8.95,162.569,220.9,33.117,100.433,0.889,0
537,8.95,201.897,219.306,33.204,102.246,0.894,0
537,8.95,305.521,199.348,44.165,93.526,0.888,1
537,8.95,393.007,198.428,46.225,93.595,0.894,1
537,8.95,534.693,215.577,47.956,68.397,0.901,1
538,8.966666666666667,162.526,220.956,31.802,102.222,0.885,0
538,8.966666666666667,203.38,220.086,35.67,103.771,0.898,0
538,8.966666666666667,306.958,199.743,44.218,93.344,0.9,1
538,8.966666666666667,395.505,198.605,46.425,94.741,0.897,1
538,8.966666666666667,529.929,214.704,43.911,76.321,0.904,1
539,8.983333333333333,163.053,221.037,33.724,103.711,0.888,0
539,8.983333333333333,204.455,219.317,33.537,105.194,0.88,0
539,8.983333333333333,308.599,199.8,44.835,98.011,0.901,1
539,8.983333333333333,396.537,198.296,46.415,94.58,0.896,1
539,8.983333333333333,530.504,213.733,45.873,75.871,0.898,1
540,9.0,162.556,220.944,33.746,100.877,0.887,0
540,9.0,205.108,219.526,33.981,103.175,0.9,0
540,9.0,310.54,199.609,44.273,95.018,0.901,1
540,9.0,399.556,197.593,44.448,95.024,0.904,1
540,9.0,530.52,214.439,43.383,78.208,0.906,1
541,9.016666666666667,161.504,221.172,33.148,100.998,0.888,0
541,9.016666666666667,205.912,220.973,35.589,102.348,0.883,0
541,9.016666666666667,312.029,199.618,44.365,93.74,0.899,1
541,9.016666666666667,400.978,197.499,44.347,93.494,0.906,1
541,9.016666666666667,531.938,214.935,44.408,74.161,0.908,1
542,9.033333333333333,163.032,220.292,35.151,102.029,0.886,0
542,9.033333333333333,208.381,219.822,33.82,105.695,0.883,0
542,9.033333333333333,313.96,198.459,46.615,96.482,0.892,1
542,9.033333333333333,402.615,197.785,44.834,98.001,0.901,1
542,9.033333333333333,531.997,214.757,44.535,74.198,0.91,1
543,9.05,163.564,221.353,34.129,96.358,0.891,0
543,9.05,211.03,220.502,35.546,101.715,0.897,0
543,9.05,315.463,199.3,44.454,95.137,0.89,1
543,9.05,404.559,197.688,44.443,94.941,0.904,1
543,9.05,533.845,213.995,43.42,77.141,0.908,1
545,9.083333333333334,163.034,220.991,32.717,99.098,0.881,0
545,9.083333333333334,212.512,219.688,33.797,105.152,0.873,0
545,9.083333333333334,317.5,199.5,40.494,95.547,0.9,1
545,9.083333333333334,408.609,198.7,46.034,89.714,0.892,1
545,9.083333333333334,532.825,214.696,43.869,77.078,0.914,1
546,9.1,163.459,221.336,33.344,101.074,0.889,0
546,9.1,213.889,218.783,34.941,101.918,0.881,0
546,9.1,318.506,199.743,44.615,94.934,0.896,1
546,9.1,409.907,198.056,46.698,96.051,0.897,1
546,9.1,532.813,213.637,46.464,74.115,0.913,1
547,9.116666666666667,164.542,219.427,33.727,99.899,0.883,0
547,9.116666666666667,215.463,219.224,36.675,99.504,0.884,0
547,9.116666666666667,320.504,198.323,46.441,95.047,0.889,1
547,9.116666666666667,412.441,199.312,44.443,94.941,0.902,1
547,9.116666666666667,534.305,215.384,45.383,75.142,0.911,1
548,9.133333333333333,163.47,220.496,31.65,101.956,0.892,0
548,9.133333333333333,217.53,218.625,35.061,99.987,0.879,0
548,9.133333333333333,322.5,199.5,44.08,90.996,0.892,1
548,9.133333333333333,414.396,197.55,48.001,89.972,0.897,1
548,9.133333333333333,535.901,213.797,41.517,75.15,0.919,1
549,9.15,164.031,220.782,35.927,102.672,0.888,0
549,9.15,218.414,219.224,36.998,99.364,0.885,0
549,9.15,324.5,198.5,42.287,95.325,0.891,1
549,9.15,415.464,198.299,46.099,93.444,0.897,1
549,9.15,534.758,214.686,44.605,72.712,0.916,1
550,9.166666666666666,164.886,220.675,31.073,99.294,0.887,0
550,9.166666666666666,220.476,217.957,36.681,99.798,0.897,0
550,9.166666666666666,325.985,198.437,42.776,96.781,0.904,1
550,9.166666666666666,417.969,197.767,45.165,93.63,0.904,1
550,9.166666666666666,536.49,214.928,45.384,75.877,0.923,1
551,9.183333333333334,165.947,220.194,35.147,101.91,0.889,0
551,9.183333333333334,221.51,220.636,34.72,100.338,0.887,0
551,9.183333333333334,328.504,199.549,44.63,95.103,0.908,1
551,9.183333333333334,420.036,197.964,46.325,93.259,0.898,1
551,9.183333333333334,536.935,214.843,44.007,73.282,0.923,1
552,9.2,166.537,219.492,32.859,96.922,0.89,0
552,9.2,222.449,218.506,35.088,100.511,0.902,0
552,9.2,330.508,199.147,44.1,91.015,0.902,1
552,9.2,422.5,198.182,46.427,94.789,0.906,1
552,9.2,537.509,215.862,45.87,75.927,0.936,1
553,9.216666666666667,167.0,220.039,35.365,98.677,0.881,0
553,9.216666666666667,224.973,219.008,35.71,102.459,0.889,0
553,9.216666666666667,330.563,198.237,46.443,95.087,0.895,1
553,9.216666666666667,424.018,199.113,48.264,93.235,0.902,1
553,9.216666666666667,538.022,214.182,44.591,73.069,0.924,1
554,9.233333333333333,167.5,217.822,33.15,101.036,0.891,0
554,9.233333333333333,225.984,218.901,35.366,98.371,0.884,0
554,9.233333333333333,332.503,200.654,43.443,94.88,0.899,1
554,9.233333333333333,426.409,198.226,42.014,90.164,0.904,1
554,9.233333333333333,538.005,214.311,43.879,76.913,0.929,1
555,9.25,169.454,219.498,36.669,99.187,0.883,0
555,9.25,228.984,220.121,34.671,98.479,0.879,0
555,9.25,335.494,199.55,44.103,93.452,0.89,1
555,9.25,426.522,198.146,46.112,90.967,0.897,1
555,9.25,538.471,214.435,42.972,78.394,0.919,1
556,9.266666666666667,169.979,219.979,33.228,95.074,0.875,0
556,9.266666666666667,228.963,219.438,33.042,99.231,0.886,0
556,9.266666666666667,334.49,198.844,47.029,90.614,0.888,1
556,9.266666666666667,429.5,196.907,46.204,93.095,0.892,1
556,9.266666666666667,539.496,215.49,41.521,73.944,0.9,1
557,9.283333333333333,170.51,219.563,32.317,94.976,0.882,0
557,9.283333333333333,232.041,219.549,33.026,99.003,0.88,0
557,9.283333333333333,336.971,199.089,44.353,93.574,0.895,1
557,9.283333333333333,432.0,199.047,46.227,93.644,0.893,1
557,9.283333333333333,539.385,217.019,41.445,77.772,0.888,1
558,9.3,170.519,219.03,37.028,99.943,0.882,0
558,9.3,233.481,219.03,37.31,95.386,0.885,0
558,9.3,339.505,198.447,46.331,93.335,0.907,1
558,9.3,434.42,197.698,44.037,90.31,0.897,1
558,9.3,540.176,217.507,42.767,79.977,0.915,1
559,9.316666666666666,172.498,220.456,35.447,96.138,0.884,0
559,9.316666666666666,234.98,220.574,34.689,99.001,0.875,0
559,9.316666666666666,341.007,199.367,44.328,93.253,0.905,1
559,9.316666666666666,435.541,199.089,48.204,93.168,0.904,1
559,9.316666666666666,542.178,220.655,40.621,79.157,0.916,1
560,9.333333333333334,172.506,218.802,35.233,96.258,0.877,0
560,9.333333333333334,236.515,219.556,37.015,99.683,0.89,0
560,9.333333333333334,342.947,199.18,44.342,93.428,0.901,1
560,9.333333333333334,438.424,200.205,46.024,90.285,0.9,1
560,9.333333333333334,542.758,222.669,34.628,82.563,0.924,1
561,9.35,173.954,218.5,36.046,94.7,0.885,0
561,9.35,238.996,218.788,38.606,97.746,0.886,0
561,9.35,346.403,199.296,44.016,90.18,0.901,1
561,9.35,438.621,199.248,44.027,90.262,0.892,1
561,9.35,543.668,222.491,36.677,80.42,0.824,1
562,9.366666666666667,175.514,219.514,37.331,96.259,0.887,0
562,9.366666666666667,240.516,218.952,35.13,94.429,0.888,0
562,9.366666666666667,345.534,197.595,44.23,93.621,0.899,1
562,9.366666666666667,440.395,197.753,44.009,89.891,0.898,1
562,9.366666666666667,544.413,224.308,28.389,83.61,0.784,1
563,9.383333333333333,176.004,218.897,35.365,98.56,0.884,0
563,9.383333333333333,242.963,219.067,37.345,97.734,0.881,0
563,9.383333333333333,347.993,198.656,46.219,86.546,0.895,1
563,9.383333333333333,442.489,197.753,44.07,89.138,0.898,1
563,9.383333333333333,545.253,225.013,25.017,86.578,0.905,1
564,9.4,176.535,218.043,35.097,100.689,0.903,0
564,9.4,245.075,218.412,38.256,93.93,0.884,0
564,9.4,350.415,198.601,46.009,89.901,0.905,1
564,9.4,444.981,198.704,46.211,93.237,0.897,1
564,9.4,546.591,229.545,11.036,87.313,0.841,1
565,9.416666666666666,178.027,219.419,36.626,97.806,0.879,0
565,9.416666666666666,245.959,218.52,34.292,94.543,0.877,0
565,9.416666666666666,351.007,200.189,47.224,93.627,0.901,1
565,9.416666666666666,446.5,197.69,44.061,89.399,0.901,1
565,9.416666666666666,547.404,228.635,15.975,86.669,0.684,1
566,9.433333333333334,178.93,218.613,34.66,98.171,0.874,0
566,9.433333333333334,249.534,217.888,37.319,95.729,0.884,0
566,9.433333333333334,353.487,197.777,44.306,93.86,0.892,1
566,9.433333333333334,447.473,197.012,44.218,93.335,0.898,1
567,9.45,182.095,218.29,34.668,98.389,0.876,0
567,9.45,251.097,218.335,34.284,94.343,0.874,0
567,9.45,256.5,230.5,14.0,90.0,0.775,1
567,9.45,356.545,199.224,44.592,94.691,0.905,1
567,9.45,450.417,198.396,46.007,90.082,0.895,1
568,9.466666666666667,181.516,218.22,34.568,96.294,0.881,0
568,9.466666666666667,252.51,217.711,34.21,94.43,0.892,0
568,9.466666666666667,257.609,229.63,14.089,93.072,0.719,1
568,9.466666666666667,356.614,197.3,44.038,90.315,0.905,1
568,9.466666666666667,452.388,198.5,46.0,90.0,0.895,1
569,9.483333333333333,183.004,218.406,34.302,94.775,0.875,0
569,9.483333333333333,255.054,217.86,36.121,93.762,0.888,0
569,9.483333333333333,259.299,226.299,18.117,96.974,0.752,1
569,9.483333333333333,358.606,197.257,44.03,90.25,0.904,1
569,9.483333333333333,453.463,197.349,44.641,84.777,0.904,1
570,9.5,183.922,219.624,36.288,94.589,0.883,0
570,9.5,255.637,214.547,37.991,90.432,0.902,0
570,9.5,259.912,224.971,24.021,92.937,0.903,1
570,9.5,360.573,198.5,46.0,90.0,0.899,1
570,9.5,454.483,198.648,46.048,89.425,0.901,1
571,9.516666666666667,187.487,218.559,34.099,90.837,0.886,0
571,9.516666666666667,258.121,215.0,35.194,99.513,0.88,0
571,9.516666666666667,261.121,225.455,24.181,95.431,0.932,1
571,9.516666666666667,362.502,198.007,46.102,90.874,0.895,1
571,9.516666666666667,456.6,198.245,46.008,89.905,0.897,1
572,9.533333333333333,187.486,217.559,32.112,90.954,0.886,0
572,9.533333333333333,258.703,216.703,37.049,94.238,0.883,0
572,9.533333333333333,263.071,223.714,28.164,95.648,0.785,1
572,9.533333333333333,364.0,198.204,46.361,86.25,0.899,1
572,9.533333333333333,458.489,197.753,44.07,89.138,0.899,1
573,9.55,189.483,217.776,37.119,95.766,0.885,0
573,9.55,261.389,206.278,14.336,101.31,0.708,0
573,9.55,262.845,220.431,39.053,101.555,0.855,1
573,9.55,265.444,231.278,10.213,104.712,0.737,0
573,9.55,366.497,198.45,46.071,90.868,0.891,1
573,9.55,460.402,199.0,42.067,89.182,0.898,1
574,9.566666666666666,191.498,217.927,36.072,90.869,0.877,0
574,9.566666666666666,260.944,207.389,14.242,95.988,0.872,0
574,9.566666666666666,263.342,218.254,40.943,99.331,0.941,1
574,9.566666666666666,266.167,231.167,10.314,97.466,0.821,0
574,9.566666666666666,367.002,198.451,46.342,86.523,0.896,1
574,9.566666666666666,462.029,199.382,44.365,86.26,0.901,1
575,9.583333333333334,192.5,217.5,36.281,94.41,0.87,0
575,9.583333333333334,263.667,207.071,14.579,103.809,0.741,0
575,9.583333333333334,265.031,219.112,37.131,103.244,0.929,1
575,9.583333333333334,267.167,231.833,14.876,106.053,0.909,0
575,9.583333333333334,369.551,198.713,46.217,86.6,0.889,1
575,9.583333333333334,464.532,199.57,46.436,85.051,0.9,1
576,9.6,193.535,218.007,36.096,91.183,0.883,0
576,9.6,265.115,216.592,39.591,105.315,0.874,1
576,9.6,268.595,227.345,23.183,100.229,0.816,0
576,9.6,372.403,197.704,44.016,89.82,0.906,1
576,9.6,464.94,198.7,42.335,86.705,0.906,1
577,9.616666666666667,195.617,216.953,34.01,90.186,0.878,0
577,9.616666666666667,266.583,215.778,43.985,105.569,0.877,1
577,9.616666666666667,270.569,226.392,24.319,97.142,0.817,0
577,9.616666666666667,372.907,196.704,46.327,86.72,0.902,1
577,9.616666666666667,466.1,197.543,44.456,86.615,0.899,1
578,9.633333333333333,139.569,240.529,15.962,94.093,0.719,0
578,9.633333333333333,197.037,217.967,36.279,94.369,0.883,0
578,9.633333333333333,266.152,214.645,39.93,102.42,0.914,1
578,9.633333333333333,272.261,221.63,34.228,95.253,0.817,0
578,9.633333333333333,375.502,197.7,44.228,86.439,0.904,1
578,9.633333333333333,469.508,197.352,45.067,82.509,0.901,1
579,9.65,139.714,238.357,18.222,96.068,0.904,0
579,9.65,199.369,218.052,35.337,96.039,0.884,0
579,9.65,266.851,216.635,39.997,103.28,0.888,1
579,9.65,273.645,220.364,34.992,91.223,0.941,0
579,9.65,376.599,199.108,44.013,89.847,0.896,1
579,9.65,470.507,197.4,44.624,84.967,0.911,1
581,9.683333333333334,141.425,233.819,28.885,103.165,0.83,0
581,9.683333333333334,201.502,218.0,37.033,88.867,0.874,0
581,9.683333333333334,267.336,215.478,38.261,106.74,0.873,1
581,9.683333333333334,275.628,218.612,34.001,90.051,0.793,0
581,9.683333333333334,380.518,196.904,46.115,88.998,0.889,1
581,9.683333333333334,474.0,198.296,46.353,86.374,0.892,1
582,9.7,141.617,233.705,34.923,101.104,0.929,0
582,9.7,204.502,216.792,38.507,95.61,0.886,0
582,9.7,267.994,216.272,43.417,102.747,0.884,1
582,9.7,276.571,215.786,32.011,89.231,0.811,0
582,9.7,382.029,197.398,48.266,86.729,0.889,1
582,9.7,475.602,198.52,42.463,84.855,0.904,1
583,9.716666666666667,142.338,231.187,33.545,105.507,0.93,0
583,9.716666666666667,207.293,218.425,38.003,89.941,0.885,0
583,9.716666666666667,269.0,215.211,42.096,106.981,0.88,1
583,9.716666666666667,384.053,198.388,46.332,86.655,0.899,1
583,9.716666666666667,477.019,197.25,44.713,83.895,0.901,1
584,9.733333333333333,141.508,230.364,35.694,99.717,0.927,0
584,9.733333333333333,207.627,217.405,38.0,89.802,0.877,0
584,9.733333333333333,269.513,216.162,41.425,101.789,0.879,1
584,9.733333333333333,385.574,198.889,46.228,86.329,0.896,1
584,9.733333333333333,479.439,198.348,42.677,84.466,0.9,1
585,9.75,142.057,229.238,37.132,105.526,0.922,0
585,9.75,209.626,218.488,38.003,89.943,0.87,0
585,9.75,268.448,215.123,42.039,105.076,0.878,1
585,9.75,387.99,197.543,44.353,86.417,0.904,1
585,9.75,480.5,199.5,44.636,84.831,0.9,1
586,9.766666666666667,142.519,230.429,34.95,104.663,0.912,0
586,9.766666666666667,213.066,218.65,38.262,85.908,0.884,0
586,9.766666666666667,269.446,214.797,40.138,105.709,0.882,1
586,9.766666666666667,389.535,196.797,46.212,86.729,0.9,1
586,9.766666666666667,482.049,197.794,44.217,86.695,0.9,1
588,9.8,141.192,229.792,35.479,102.971,0.919,0
588,9.8,215.596,217.01,38.003,90.051,0.888,0
588,9.8,271.053,215.628,42.692,107.201,0.921,1
588,9.8,392.607,197.5,48.0,90.0,0.9,1
588,9.8,485.005,199.451,44.735,83.597,0.91,1
589,9.816666666666666,142.573,229.838,37.009,99.573,0.913,0
589,9.816666666666666,217.412,217.971,36.003,90.029,0.878,0
589,9.816666666666666,271.995,215.679,41.988,104.022,0.907,1
589,9.816666666666666,395.502,198.697,46.217,86.608,0.896,1
589,9.816666666666666,487.033,198.786,46.491,83.857,0.898,1
590,9.833333333333334,141.643,229.38,37.685,106.679,0.902,0
590,9.833333333333334,221.493,216.917,38.06,89.278,0.878,0
590,9.833333333333334,272.425,216.278,40.193,107.325,0.904,1
590,9.833333333333334,396.5,198.255,46.424,85.272,0.898,1
590,9.833333333333334,487.998,198.42,46.71,83.786,0.906,1
591,9.85,141.541,229.346,37.685,106.749,0.9,0
591,9.85,222.5,216.5,38.119,85.953,0.879,0
591,9.85,272.171,214.71,44.604,107.256,0.9,1
591,9.85,400.036,197.883,44.214,86.752,0.893,1
591,9.85,489.017,197.847,44.516,83.49,0.9,1
592,9.866666666666667,142.084,228.397,36.438,105.722,0.898,0
592,9.866666666666667,225.059,216.473,35.288,85.484,0.885,0
592,9.866666666666667,273.5,215.5,45.384,104.028,0.897,1
592,9.866666666666667,401.501,199.354,44.354,86.408,0.904,1
592,9.866666666666667,491.485,198.751,46.427,85.222,0.896,1
593,9.883333333333333,141.988,228.837,36.162,106.092,0.888,0
593,9.883333333333333,227.108,217.108,38.322,86.109,0.89,0
593,9.883333333333333,274.581,214.884,43.976,105.255,0.895,1
593,9.883333333333333,402.575,198.613,46.457,84.648,0.891,1
593,9.883333333333333,491.995,199.435,44.373,86.154,0.9,1
594,9.9,140.981,230.42,35.921,102.083,0.898,0
594,9.9,229.507,217.839,38.51,84.348,0.889,0
594,9.9,274.136,214.904,43.302,100.24,0.903,1
594,9.9,404.5,197.5,44.05,89.397,0.903,1
594,9.9,493.913,198.251,46.494,83.767,0.894,1
595,9.916666666666666,142.486,229.15,37.876,103.118,0.882,0
595,9.916666666666666,231.123,216.545,38.247,86.273,0.892,0
595,9.916666666666666,269.009,215.825,46.786,110.813,0.893,1
595,9.916666666666666,406.946,197.5,48.206,86.8,0.893,1
595,9.916666666666666,494.956,199.348,48.2,86.939,0.885,1
596,9.933333333333334,141.993,229.042,40.829,108.105,0.898,0
596,9.933333333333334,232.964,217.485,37.627,81.919,0.886,0
596,9.933333333333334,262.007,217.87,38.976,108.987,0.875,1
596,9.933333333333334,274.901,215.307,42.743,108.452,0.909,1
596,9.933333333333334,408.016,197.55,48.336,86.551,0.892,1
596,9.933333333333334,496.979,198.55,46.872,80.355,0.9,1
597,9.95,142.5,229.29,37.617,103.897,0.887,0
597,9.95,235.863,215.853,39.172,86.532,0.891,0
597,9.95,262.935,217.775,38.173,105.022,0.882,1
597,9.95,276.09,214.455,44.01,107.082,0.899,1
597,9.95,410.527,198.336,46.519,85.097,0.897,1
597,9.95,497.961,199.19,44.517,83.482,0.899,1
598,9.966666666666667,142.55,229.699,36.414,108.323,0.907,0
598,9.966666666666667,237.598,216.751,38.486,84.742,0.895,0
598,9.966666666666667,262.152,217.283,38.116,104.146,0.897,1
598,9.966666666666667,275.053,215.548,42.684,107.046,0.911,1
598,9.966666666666667,411.463,198.093,46.62,84.918,0.897,1
598,9.966666666666667,499.501,198.083,46.796,82.378,0.901,1
599,9.983333333333333,124.522,230.475,35.204,104.855,0.873,0
599,9.983333333333333,142.992,230.129,35.755,106.06,0.894,0
599,9.983333333333333,238.905,215.861,38.846,82.675,0.89,0
599,9.983333333333333,262.288,214.652,38.281,107.259,0.87,1
599,9.983333333333333,276.483,214.652,43.992,105.858,0.893,1
599,9.983333333333333,412.436,198.045,47.102,81.886,0.901,1
599,9.983333333333333,500.029,199.382,44.365,86.26,0.897,1
