frame,timestamp,cx,cy,length,angle_deg,brightness,color
0,0.0,159.453,199.126,38.643,106.685,0.913,0
0,0.0,276.95,215.305,43.1,93.015,0.925,0
0,0.0,362.454,214.02,42.059,90.929,0.922,0
0,0.0,478.975,197.853,38.361,75.11,0.907,0
1,0.016666666666666666,157.021,198.95,39.263,108.426,0.909,0
1,0.016666666666666666,278.086,214.801,42.166,86.571,0.916,0
1,0.016666666666666666,363.547,213.793,45.043,87.952,0.919,0
1,0.016666666666666666,478.062,200.172,41.261,76.028,0.9,0
2,0.03333333333333333,155.034,198.46,41.804,106.803,0.907,0
2,0.03333333333333333,278.714,212.87,43.002,90.104,0.915,0
2,0.03333333333333333,362.889,214.22,42.167,86.522,0.923,0
2,0.03333333333333333,475.989,199.404,37.085,78.695,0.906,0
3,0.05,152.038,198.426,39.567,104.158,0.901,0
3,0.05,279.478,215.124,40.172,92.35,0.923,0
3,0.05,365.425,214.128,42.114,88.003,0.934,0
3,0.05,472.011,199.55,37.658,74.869,0.907,0
4,0.06666666666666667,150.518,198.535,40.153,106.075,0.907,0
4,0.06666666666666667,280.749,213.915,45.003,90.09,0.917,0
4,0.06666666666666667,365.538,215.115,40.395,84.518,0.92,0
4,0.06666666666666667,469.479,200.092,40.559,74.274,0.906,0
5,0.08333333333333333,148.532,197.426,40.284,105.998,0.9,0
5,0.08333333333333333,282.007,214.275,45.097,87.008,0.918,0
5,0.08333333333333333,366.0,214.331,43.412,83.378,0.921,0
5,0.08333333333333333,464.933,200.461,38.094,74.414,0.902,0
6,0.1,147.483,198.051,40.56,105.855,0.905,0
6,0.1,282.511,212.85,43.028,90.956,0.912,0
6,0.1,367.485,215.461,44.078,88.016,0.926,0
6,0.1,462.493,200.949,38.105,76.646,0.909,0
7,0.11666666666666667,146.042,197.059,40.016,100.879,0.9,0
7,0.11666666666666667,282.9,214.059,42.158,86.829,0.918,0
7,0.11666666666666667,367.533,215.064,40.397,84.47,0.916,0
7,0.11666666666666667,459.993,201.151,38.362,74.976,0.899,0
8,0.13333333333333333,142.944,197.604,40.543,107.834,0.899,0
8,0.13333333333333333,286.056,215.443,40.3,86.394,0.915,0
8,0.13333333333333333,367.502,214.559,39.094,87.538,0.926,0
8,0.13333333333333333,456.0,202.535,38.092,74.29,0.899,0
9,0.15,139.887,197.84,40.347,104.771,0.926,0
9,0.15,286.079,214.464,42.279,86.677,0.914,0
9,0.15,366.476,216.013,42.467,84.771,0.915,0
10,0.16666666666666666,139.002,198.61,46.124,111.81,0.931,0
10,0.16666666666666666,288.515,215.498,44.036,89.23,0.906,0
10,0.16666666666666666,368.482,214.942,40.493,84.464,0.915,0
11,0.18333333333333332,136.686,199.456,47.994,112.337,0.905,0
11,0.18333333333333332,288.055,214.465,42.229,86.492,0.916,0
11,0.18333333333333332,368.978,214.777,40.22,86.77,0.919,0
12,0.2,134.784,198.732,47.593,118.182,0.911,0
12,0.2,290.041,214.879,43.209,86.897,0.923,0
12,0.2,368.014,214.938,39.823,79.436,0.908,0
13,0.21666666666666667,126.0,200.214,40.535,104.106,0.901,0
13,0.21666666666666667,138.987,197.01,43.046,106.531,0.908,0
13,0.21666666666666667,291.497,215.168,44.145,88.058,0.934,0
13,0.21666666666666667,367.99,214.702,42.166,86.574,0.898,0
14,0.23333333333333334,121.507,200.573,39.599,106.088,0.906,0
14,0.23333333333333334,138.074,197.332,42.78,110.122,0.904,0
14,0.23333333333333334,292.501,214.223,42.365,85.05,0.924,0
14,0.23333333333333334,369.071,215.296,40.571,82.756,0.904,0
16,0.26666666666666666,117.017,199.885,40.804,100.466,0.906,0
16,0.26666666666666666,137.874,196.29,44.994,109.714,0.918,0
16,0.26666666666666666,293.475,213.906,45.181,85.097,0.92,0
16,0.26666666666666666,368.023,215.163,41.548,83.19,0.9,0
17,0.2833333333333333,115.993,199.712,38.648,108.899,0.902,0
17,0.2833333333333333,138.489,195.986,41.789,102.067,0.918,0
17,0.2833333333333333,297.011,214.058,41.311,82.952,0.914,0
17,0.2833333333333333,368.024,215.796,40.698,82.752,0.904,0
18,0.3,111.92,198.518,38.621,108.949,0.9,0
18,0.3,137.932,195.219,41.756,104.307,0.922,0
18,0.3,298.005,214.472,43.413,83.313,0.92,0
18,0.3,367.018,215.388,38.465,82.58,0.895,0
19,0.31666666666666665,110.509,197.99,40.044,102.189,0.903,0
19,0.31666666666666665,137.928,196.313,43.666,103.431,0.92,0
19,0.31666666666666665,298.503,215.561,44.927,79.062,0.917,0
19,0.31666666666666665,367.511,216.087,37.659,80.66,0.893,0
20,0.3333333333333333,108.935,199.677,40.041,104.632,0.909,0
20,0.3333333333333333,139.045,195.479,44.396,102.917,0.917,0
20,0.3333333333333333,300.069,214.673,43.921,80.124,0.918,0
20,0.3333333333333333,367.466,216.466,41.022,77.753,0.905,0
21,0.35,106.938,199.174,38.36,104.797,0.906,0
21,0.35,140.046,195.442,41.786,100.292,0.922,0
21,0.35,300.962,215.27,41.17,86.495,0.918,0
21,0.35,366.513,215.941,37.823,80.618,0.9,0
22,0.36666666666666664,104.963,198.619,41.258,103.583,0.904,0
22,0.36666666666666664,140.062,194.479,44.68,106.249,0.916,0
22,0.36666666666666664,302.016,215.013,43.577,79.884,0.919,0
22,0.36666666666666664,366.512,216.94,39.772,81.314,0.902,0
23,0.38333333333333336,103.523,199.004,38.335,103.321,0.898,0
23,0.38333333333333336,140.517,194.868,43.753,101.367,0.917,0
23,0.38333333333333336,303.493,214.118,42.867,81.748,0.919,0
23,0.38333333333333336,365.011,216.045,38.07,78.539,0.906,0
24,0.4,102.01,198.45,39.562,104.013,0.906,0
24,0.4,141.908,195.313,45.371,102.914,0.929,0
24,0.4,304.945,215.335,44.731,80.479,0.917,0
24,0.4,364.01,216.432,41.606,79.592,0.907,0
25,0.4166666666666667,101.04,197.841,38.627,105.313,0.898,0
25,0.4166666666666667,143.534,195.857,45.716,101.206,0.917,0
25,0.4166666666666667,305.907,214.232,44.691,76.819,0.918,0
25,0.4166666666666667,363.515,216.426,41.447,81.419,0.91,0
26,0.43333333333333335,99.488,197.491,39.077,103.064,0.898,0
26,0.43333333333333335,144.057,195.314,45.642,106.048,0.914,0
26,0.43333333333333335,306.499,215.448,44.563,81.459,0.913,0
26,0.43333333333333335,362.482,215.468,39.47,80.745,0.894,0
27,0.45,99.014,197.51,41.491,103.541,0.912,0
27,0.45,145.551,194.473,43.567,98.079,0.923,0
27,0.45,306.508,214.944,40.272,73.348,0.915,0
27,0.45,361.985,215.822,37.869,78.771,0.903,0
28,0.4666666666666667,98.547,197.323,42.057,105.534,0.903,0
28,0.4666666666666667,146.494,195.082,45.314,101.116,0.921,0
28,0.4666666666666667,307.52,213.715,41.598,81.309,0.921,0
28,0.4666666666666667,360.037,217.059,38.076,78.323,0.909,0
29,0.48333333333333334,97.034,197.613,41.728,103.585,0.904,0
29,0.48333333333333334,149.085,194.613,43.939,103.578,0.916,0
29,0.48333333333333334,308.517,214.219,38.645,80.676,0.906,0
29,0.48333333333333334,357.965,216.818,39.821,79.551,0.913,0
30,0.5,96.973,196.624,41.26,103.805,0.899,0
30,0.5,149.512,194.926,43.748,101.86,0.909,0
30,0.5,310.045,214.9,40.622,79.343,0.907,0
30,0.5,357.989,215.815,37.869,78.735,0.905,0
31,0.5166666666666667,96.973,196.624,41.26,103.805,0.899,0
31,0.5166666666666667,153.511,193.501,44.931,101.621,0.915,0
31,0.5166666666666667,310.525,214.493,38.955,80.959,0.905,0
31,0.5166666666666667,355.981,216.929,38.07,78.55,0.91,0
32,0.5333333333333333,95.993,195.878,42.226,103.109,0.908,0
32,0.5333333333333333,154.905,194.333,46.858,99.128,0.917,0
32,0.5333333333333333,311.024,216.203,39.82,79.587,0.908,0
32,0.5333333333333333,353.498,217.436,37.607,76.355,0.914,0
33,0.55,96.496,196.003,42.207,106.004,0.909,0
33,0.55,156.938,194.208,43.574,100.326,0.917,0
33,0.55,310.968,215.427,39.327,82.391,0.9,0
33,0.55,352.514,217.44,39.076,77.03,0.903,0
34,0.5666666666666667,96.44,197.209,40.774,99.08,0.916,0
34,0.5666666666666667,158.935,195.039,43.578,99.861,0.919,0
34,0.5666666666666667,311.465,215.007,37.658,80.699,0.904,0
34,0.5666666666666667,351.04,216.989,38.622,74.928,0.904,0
35,0.5833333333333334,96.49,195.866,41.786,102.28,0.919,0
35,0.5833333333333334,160.98,194.459,44.173,102.983,0.921,0
35,0.5833333333333334,312.931,215.416,42.382,73.187,0.901,0
35,0.5833333333333334,350.489,217.044,38.104,76.809,0.906,0
36,0.6,96.942,196.649,42.769,100.259,0.921,0
36,0.6,164.487,192.867,43.752,101.439,0.924,0
36,0.6,312.454,216.532,40.157,73.813,0.913,0
36,0.6,348.079,217.31,38.36,75.175,0.908,0
37,0.6166666666666667,97.519,196.847,43.426,98.105,0.921,0
37,0.6166666666666667,166.027,193.294,45.713,99.207,0.921,0
37,0.6166666666666667,312.072,216.083,38.655,78.795,0.903,0
37,0.6166666666666667,345.526,218.575,37.873,76.555,0.901,0
38,0.6333333333333333,98.976,195.374,42.231,103.876,0.92,0
38,0.6333333333333333,168.505,194.616,43.271,94.807,0.921,0
38,0.6333333333333333,312.509,216.498,39.07,77.571,0.912,0
38,0.6333333333333333,345.487,217.886,37.657,80.762,0.906,0
39,0.65,98.952,195.583,40.81,100.995,0.911,0
39,0.65,173.073,192.982,44.502,96.134,0.92,0
39,0.65,312.473,214.932,41.521,74.437,0.903,0
39,0.65,342.498,218.44,37.137,76.11,0.893,0
40,0.6666666666666666,101.01,195.007,44.509,96.304,0.917,0
40,0.6666666666666666,174.555,193.959,41.287,99.134,0.916,0
40,0.6666666666666666,312.961,215.441,40.043,75.465,0.91,0
40,0.6666666666666666,339.967,217.552,37.663,74.677,0.896,0
41,0.6833333333333333,102.021,194.829,43.576,100.225,0.916,0
41,0.6833333333333333,177.561,194.119,42.725,98.297,0.916,0
41,0.6833333333333333,311.986,216.574,39.577,75.429,0.896,0
41,0.6833333333333333,337.978,217.592,37.662,74.722,0.895,0
42,0.7,104.068,195.713,41.791,100.846,0.918,0
42,0.7,180.479,193.518,45.545,97.913,0.917,0
42,0.7,313.491,215.363,40.277,73.586,0.911,0
42,0.7,335.984,217.882,36.133,77.851,0.902,0
43,0.7166666666666667,105.519,196.05,42.868,98.268,0.921,0
43,0.7166666666666667,182.936,193.628,44.732,99.627,0.917,0
43,0.7166666666666667,312.974,215.853,43.051,73.158,0.904,0
43,0.7166666666666667,332.544,218.563,37.137,76.15,0.895,0
44,0.7333333333333333,105.997,194.428,43.749,99.817,0.918,0
44,0.7333333333333333,187.018,194.51,43.412,96.655,0.919,0
44,0.7333333333333333,313.014,216.646,39.041,78.893,0.91,0
44,0.7333333333333333,330.004,218.007,38.624,74.831,0.904,0
45,0.75,109.04,193.761,45.283,96.217,0.913,0
45,0.75,190.479,193.905,45.179,94.566,0.914,0
45,0.75,311.986,216.478,39.576,75.47,0.902,0
45,0.75,326.486,218.143,37.042,72.111,0.904,0
46,0.7666666666666667,109.942,195.113,43.296,96.433,0.916,0
46,0.7666666666666667,193.491,193.448,44.076,91.908,0.924,0
46,0.7666666666666667,311.551,216.986,41.249,74.189,0.909,0
46,0.7666666666666667,324.438,218.434,35.446,75.765,0.902,0
47,0.7833333333333333,85.582,217.943,37.138,104.026,0.896,0
47,0.7833333333333333,111.493,194.12,42.373,95.152,0.912,0
47,0.7833333333333333,197.073,194.678,43.296,96.923,0.917,0
47,0.7833333333333333,311.014,215.989,39.265,71.466,0.906,0
48,0.8,82.454,217.68,38.275,107.102,0.914,0
48,0.8,115.09,195.382,44.405,96.642,0.925,0
48,0.8,198.962,194.885,43.155,93.12,0.923,0
48,0.8,312.004,217.167,38.361,75.086,0.912,0
49,0.8166666666666667,80.986,218.004,39.327,104.762,0.904,0
49,0.8166666666666667,117.499,193.547,41.596,98.561,0.924,0
49,0.8166666666666667,203.516,193.888,45.179,94.652,0.911,0
49,0.8166666666666667,310.513,216.875,37.036,72.426,0.9,0
50,0.8333333333333334,78.007,217.004,38.618,104.91,0.902,0
50,0.8333333333333334,120.494,194.649,43.271,94.804,0.921,0
50,0.8333333333333334,206.526,194.571,42.521,94.745,0.923,0
50,0.8333333333333334,310.5,217.5,39.075,77.14,0.905,0
51,0.85,76.004,217.066,38.621,105.023,0.906,0
51,0.85,122.496,195.449,44.054,91.208,0.913,0
51,0.85,209.484,194.435,42.579,98.174,0.918,0
51,0.85,308.489,217.439,37.132,76.673,0.915,0
52,0.8666666666666667,74.017,218.007,40.532,103.998,0.909,0
52,0.8666666666666667,126.525,195.043,44.334,94.413,0.919,0
52,0.8666666666666667,212.489,193.141,44.059,90.918,0.913,0
52,0.8666666666666667,308.545,217.144,38.938,72.863,0.9,0
53,0.8833333333333333,72.483,216.983,40.044,102.239,0.903,0
53,0.8833333333333333,128.536,194.075,42.356,94.749,0.917,0
53,0.8833333333333333,215.501,194.95,43.044,91.977,0.925,0
53,0.8833333333333333,307.534,216.079,40.266,77.421,0.901,0
54,0.9,70.968,216.519,39.57,104.279,0.903,0
54,0.9,131.525,194.506,42.074,91.798,0.926,0
54,0.9,219.59,195.0,43.045,87.87,0.922,0
54,0.9,305.5,217.5,39.075,77.184,0.899,0
55,0.9166666666666666,70.945,217.199,38.36,104.746,0.91,0
55,0.9166666666666666,132.728,194.496,43.007,89.87,0.92,0
55,0.9166666666666666,222.79,195.088,42.999,90.361,0.924,0
55,0.9166666666666666,305.48,217.465,37.687,72.948,0.903,0
56,0.9333333333333333,68.464,217.142,38.932,106.793,0.903,0
56,0.9333333333333333,136.499,194.553,43.025,90.518,0.913,0
56,0.9333333333333333,224.969,194.835,43.22,93.34,0.917,0
56,0.9333333333333333,304.424,218.027,36.168,75.969,0.901,0
57,0.95,66.968,217.596,39.326,104.577,0.911,0
57,0.95,140.275,194.157,42.008,90.152,0.919,0
57,0.95,230.521,194.561,43.026,89.469,0.913,0
57,0.95,302.907,217.804,38.359,75.276,0.902,0
58,0.9666666666666667,64.905,217.255,38.36,104.829,0.903,0
58,0.9666666666666667,144.512,194.378,42.06,88.636,0.909,0
58,0.9666666666666667,232.341,195.43,44.003,90.075,0.906,0
58,0.9666666666666667,302.0,217.982,38.623,74.885,0.908,0
59,0.9833333333333333,65.014,215.966,41.144,107.144,0.903,0
59,0.9833333333333333,148.488,194.52,43.029,90.587,0.916,0
59,0.9833333333333333,234.493,196.502,43.028,90.579,0.915,0
59,0.9833333333333333,302.075,217.635,37.669,74.381,0.902,0
60,1.0,63.976,216.969,40.291,104.051,0.911,0
60,1.0,150.94,194.328,45.094,92.805,0.926,0
60,1.0,237.539,195.928,45.043,88.053,0.924,0
60,1.0,299.5,217.5,36.62,75.017,0.908,0
61,1.0166666666666666,64.462,217.055,39.6,106.779,0.909,0
61,1.0166666666666666,154.396,193.102,44.013,90.197,0.911,0
61,1.0166666666666666,241.516,195.503,44.073,88.209,0.924,0
61,1.0166666666666666,297.407,218.858,39.077,76.926,0.903,0
62,1.0333333333333334,62.446,217.058,39.6,106.796,0.91,0
62,1.0333333333333334,158.5,193.815,45.03,88.901,0.916,0
62,1.0333333333333334,244.022,195.905,41.228,86.552,0.916,0
62,1.0333333333333334,296.531,218.094,38.102,76.98,0.904,0
63,1.05,62.418,216.681,40.171,106.582,0.908,0
63,1.05,162.403,194.505,43.006,90.108,0.911,0
63,1.05,246.044,195.406,40.319,86.086,0.918,0
63,1.05,295.513,218.469,38.349,72.918,0.9,0
64,1.0666666666666667,61.948,217.554,39.897,107.69,0.904,0
64,1.0666666666666667,164.983,193.667,45.101,86.589,0.915,0
64,1.0666666666666667,249.976,195.984,42.528,83.511,0.922,0
64,1.0666666666666667,293.043,218.435,35.761,73.688,0.904,0
65,1.0833333333333333,61.017,215.02,40.85,107.69,0.894,0
65,1.0833333333333333,167.891,194.211,42.422,83.215,0.914,0
65,1.0833333333333333,252.476,195.579,40.062,89.25,0.914,0
65,1.0833333333333333,291.043,218.435,35.761,73.688,0.905,0
66,1.1,60.98,215.99,41.149,107.41,0.901,0
66,1.1,172.485,194.583,43.036,89.254,0.914,0
66,1.1,255.047,195.049,43.296,83.405,0.913,0
66,1.1,290.038,218.123,36.437,74.374,0.898,0
67,1.1166666666666667,62.044,216.581,41.996,103.429,0.906,0
67,1.1166666666666667,177.493,195.491,41.289,84.775,0.913,0
67,1.1166666666666667,257.575,196.95,43.426,81.619,0.918,0
67,1.1166666666666667,287.552,219.066,37.138,75.974,0.893,0
68,1.1333333333333333,60.498,215.475,42.045,105.231,0.901,0
68,1.1333333333333333,180.058,194.485,42.224,86.608,0.918,0
68,1.1333333333333333,260.545,198.117,39.297,84.795,0.906,0
68,1.1333333333333333,285.54,219.108,35.923,75.785,0.892,0
69,1.15,46.536,217.362,37.363,103.357,0.909,0
69,1.15,62.003,216.935,41.019,104.019,0.903,0
69,1.15,183.534,194.46,42.195,84.519,0.914,0
69,1.15,261.46,196.513,36.683,80.064,0.906,0
70,1.1666666666666667,44.523,217.918,39.6,106.457,0.896,0
70,1.1666666666666667,63.033,215.016,42.226,103.133,0.906,0
70,1.1666666666666667,188.52,195.462,41.035,89.263,0.911,0
70,1.1666666666666667,264.003,195.32,40.235,86.455,0.902,0
71,1.1833333333333333,43.996,218.015,36.712,105.848,0.901,0
71,1.1833333333333333,64.539,215.983,41.522,105.753,0.898,0
71,1.1833333333333333,191.524,195.995,45.042,88.063,0.922,0
71,1.1833333333333333,266.996,197.33,38.466,82.527,0.897,0
72,1.2,40.967,217.953,37.867,101.098,0.909,0
72,1.2,64.557,215.997,40.043,102.179,0.915,0
72,1.2,195.927,195.284,44.401,83.584,0.919,0
72,1.2,269.01,197.885,40.446,82.709,0.906,0
73,1.2166666666666666,39.469,217.561,37.687,107.181,0.908,0
73,1.2166666666666666,63.997,215.09,41.804,107.447,0.906,0
73,1.2166666666666666,198.528,195.474,44.256,85.613,0.917,0
73,1.2166666666666666,272.038,197.924,40.676,83.148,0.9,0
74,1.2333333333333334,38.475,217.108,38.924,106.415,0.9,0
74,1.2333333333333334,65.495,215.473,39.073,102.653,0.907,0
74,1.2333333333333334,204.073,195.586,44.732,80.405,0.914,0
74,1.2333333333333334,273.969,197.862,40.017,79.062,0.904,0
75,1.25,38.031,217.494,36.16,106.246,0.896,0
75,1.25,67.463,215.58,39.601,106.509,0.907,0
75,1.25,206.488,195.912,41.443,80.625,0.91,0
75,1.25,273.951,198.367,38.448,78.314,0.902,0
76,1.2666666666666666,35.948,216.535,40.205,107.919,0.903,0
76,1.2666666666666666,67.463,215.58,39.601,106.509,0.907,0
76,1.2666666666666666,211.042,195.62,40.445,82.777,0.914,0
76,1.2666666666666666,276.986,199.514,39.639,79.206,0.9,0
77,1.2833333333333334,36.096,217.372,40.043,104.491,0.903,0
77,1.2833333333333334,70.51,215.157,41.993,101.599,0.908,0
77,1.2833333333333334,214.094,196.331,43.113,80.013,0.916,0
77,1.2833333333333334,279.535,198.93,39.078,76.586,0.902,0
78,1.3,35.011,218.021,38.947,108.159,0.902,0
78,1.3,72.059,214.854,40.29,104.004,0.912,0
78,1.3,217.505,195.995,45.407,82.396,0.916,0
78,1.3,280.056,198.024,40.012,79.257,0.91,0
79,1.3166666666666667,33.495,216.962,41.254,105.464,0.906,0
79,1.3166666666666667,73.482,216.512,42.11,108.307,0.904,0
79,1.3166666666666667,221.452,196.912,42.378,84.719,0.918,0
79,1.3166666666666667,279.504,199.165,37.658,80.705,0.906,0
81,1.35,32.518,216.91,38.103,103.11,0.897,0
81,1.35,76.476,216.068,40.045,102.307,0.901,0
81,1.35,228.541,196.47,42.746,81.042,0.912,0
81,1.35,284.028,200.869,39.823,79.415,0.899,0
82,1.3666666666666667,32.958,216.589,39.571,104.298,0.899,0
82,1.3666666666666667,78.966,215.024,41.262,104.332,0.895,0
82,1.3666666666666667,230.507,196.915,40.046,77.641,0.904,0
82,1.3666666666666667,285.5,199.893,37.657,80.746,0.904,0
83,1.3833333333333333,32.476,217.007,40.043,102.157,0.899,0
83,1.3833333333333333,82.02,215.428,41.724,103.497,0.901,0
83,1.3833333333333333,234.481,196.945,40.832,74.167,0.898,0
83,1.3833333333333333,286.516,200.032,38.101,77.047,0.896,0
84,1.4,33.475,216.552,42.56,101.991,0.902,0
84,1.4,83.007,216.079,41.019,104.005,0.909,0
84,1.4,236.966,197.405,41.487,76.621,0.919,0
84,1.4,287.004,200.018,38.852,78.569,0.915,0
85,1.4166666666666667,33.971,216.67,39.032,100.841,0.905,0
85,1.4166666666666667,84.957,215.949,39.327,104.994,0.905,0
85,1.4166666666666667,239.045,197.034,40.006,79.436,0.899,0
85,1.4166666666666667,287.452,200.018,38.483,80.429,0.898,0
86,1.4333333333333333,33.457,216.628,41.019,102.003,0.9,0
86,1.4333333333333333,88.003,214.4,39.571,104.3,0.895,0
86,1.4333333333333333,243.044,197.525,40.978,79.77,0.904,0
86,1.4333333333333333,288.93,200.37,38.093,74.36,0.9,0
87,1.45,35.485,216.182,40.56,105.858,0.903,0
87,1.45,91.479,214.948,40.459,98.584,0.903,0
87,1.45,246.484,197.611,39.075,77.152,0.903,0
87,1.45,288.955,200.415,39.572,75.632,0.897,0
88,1.4666666666666666,35.043,216.953,42.765,99.916,0.908,0
88,1.4666666666666666,93.5,216.443,42.222,105.251,0.906,0
88,1.4666666666666666,248.529,198.042,41.989,78.617,0.9,0
88,1.4666666666666666,288.985,201.861,36.712,74.114,0.904,0
89,1.4833333333333334,35.472,216.056,40.459,98.717,0.907,0
89,1.4833333333333334,96.05,216.047,41.961,100.173,0.912,0
89,1.4833333333333334,251.526,198.561,39.599,73.927,0.905,0
89,1.4833333333333334,290.515,201.19,37.411,84.463,0.895,0
90,1.5,37.491,216.914,40.559,105.732,0.909,0
90,1.5,99.51,214.974,42.198,101.746,0.897,0
90,1.5,253.514,197.899,41.022,77.697,0.901,0
90,1.5,290.528,201.504,39.075,77.149,0.906,0
91,1.5166666666666666,37.463,215.93,37.658,99.278,0.905,0
91,1.5166666666666666,102.018,216.621,39.038,101.01,0.905,0
91,1.5166666666666666,255.958,198.413,36.895,78.285,0.897,0
91,1.5166666666666666,289.527,202.154,36.415,75.758,0.889,0
92,1.5333333333333334,40.0,217.207,37.869,101.223,0.895,0
92,1.5333333333333334,105.025,214.375,39.037,100.995,0.912,0
92,1.5333333333333334,258.498,199.443,38.271,73.012,0.899,0
92,1.5333333333333334,290.059,202.654,35.762,73.667,0.897,0
94,1.5666666666666667,42.949,215.478,40.982,100.344,0.901,0
94,1.5666666666666667,110.974,216.06,37.614,97.713,0.898,0
94,1.5666666666666667,262.993,200.465,38.097,74.543,0.902,0
94,1.5666666666666667,289.502,201.57,37.6,76.523,0.904,0
95,1.5833333333333333,43.982,215.649,39.638,100.901,0.896,0
95,1.5833333333333333,114.976,215.597,40.545,96.573,0.904,0
95,1.5833333333333333,265.454,199.011,38.328,76.949,0.905,0
95,1.5833333333333333,289.037,202.457,37.4,74.43,0.894,0
96,1.6,45.032,215.176,40.448,97.408,0.908,0
96,1.6,118.06,216.549,39.035,100.936,0.908,0
96,1.6,267.026,199.487,37.665,74.58,0.912,0
96,1.6,288.477,203.061,38.103,76.935,0.908,0
97,1.6166666666666667,47.514,215.436,39.073,102.708,0.903,0
97,1.6166666666666667,120.512,215.902,39.774,98.739,0.907,0
97,1.6166666666666667,267.959,199.487,37.665,74.562,0.897,0
97,1.6166666666666667,289.068,202.742,39.03,79.218,0.908,0
98,1.6333333333333333,49.471,215.515,38.313,95.66,0.9,0
98,1.6333333333333333,125.5,215.5,38.035,90.73,0.896,0
98,1.6333333333333333,269.475,199.435,39.83,77.378,0.908,0
98,1.6333333333333333,288.527,204.546,36.732,72.884,0.904,0
99,1.65,52.013,214.793,41.549,96.847,0.902,0
99,1.65,127.481,216.038,39.778,98.844,0.908,0
99,1.65,272.045,200.65,39.572,75.629,0.903,0
99,1.65,287.448,202.855,35.924,75.885,0.899,0
100,1.6666666666666667,54.007,216.31,39.166,93.246,0.901,0
100,1.6666666666666667,130.493,216.01,39.301,95.373,0.906,0
100,1.6666666666666667,273.502,201.022,38.642,73.468,0.905,0
100,1.6666666666666667,287.538,204.024,35.927,76.147,0.901,0
101,1.6833333333333333,57.466,215.978,37.438,96.205,0.901,0
101,1.6833333333333333,133.491,215.46,40.484,95.372,0.909,0
101,1.6833333333333333,280.312,202.264,43.875,65.433,0.901,0
103,1.7166666666666666,60.965,216.111,40.174,93.603,0.902,0
103,1.7166666666666666,140.485,215.515,40.277,94.653,0.899,0
103,1.7166666666666666,279.812,202.533,39.181,74.176,0.933,0
104,1.7333333333333334,64.993,214.091,38.307,93.654,0.899,0
104,1.7333333333333334,145.983,216.228,40.107,93.219,0.897,0
104,1.7333333333333334,277.517,201.624,37.597,76.583,0.912,0
105,1.75,67.97,215.835,41.426,96.643,0.907,0
105,1.75,148.486,216.475,41.049,92.559,0.909,0
105,1.75,279.004,201.475,36.112,69.374,0.904,0
106,1.7666666666666666,72.508,215.559,40.281,94.792,0.906,0
106,1.7666666666666666,151.5,216.5,40.032,90.654,0.901,0
106,1.7666666666666666,279.993,201.856,38.623,74.893,0.906,0
107,1.7833333333333334,74.498,215.945,39.143,92.627,0.909,0
107,1.7833333333333334,154.964,216.144,38.26,94.024,0.904,0
107,1.7833333333333334,280.495,201.533,39.6,73.842,0.901,0
108,1.8,77.498,216.567,41.02,90.662,0.902,0
108,1.8,159.529,216.443,38.006,89.89,0.896,0
108,1.8,280.056,201.398,37.095,78.382,0.912,0
109,1.8166666666666667,80.52,216.022,39.138,92.498,0.899,0
109,1.8166666666666667,163.472,215.44,40.005,89.899,0.89,0
109,1.8166666666666667,281.014,201.909,38.362,74.927,0.906,0
110,1.8333333333333333,82.528,215.5,36.213,92.986,0.904,0
110,1.8333333333333333,167.421,215.5,40.0,90.0,0.89,0
110,1.8333333333333333,281.992,202.502,36.898,78.076,0.903,0
111,1.85,89.394,214.945,39.013,90.256,0.897,0
111,1.85,170.534,215.402,40.001,92.855,0.913,0
111,1.85,282.042,203.023,36.719,73.802,0.906,0
112,1.8666666666666667,91.575,215.395,40.009,89.816,0.895,0
112,1.8666666666666667,173.467,216.429,38.045,89.314,0.899,0
112,1.8666666666666667,281.595,204.195,36.096,71.835,0.897,0
113,1.8833333333333333,95.589,215.032,41.01,90.194,0.893,0
113,1.8833333333333333,176.475,217.518,40.179,87.542,0.905,0
113,1.8833333333333333,282.521,204.088,34.891,79.909,0.913,0
114,1.9,98.547,217.0,41.141,92.615,0.909,0
114,1.9,180.49,216.449,38.206,92.904,0.912,0
114,1.9,281.975,204.273,34.95,77.411,0.901,0
115,1.9166666666666667,103.483,214.997,39.026,90.528,0.901,0
115,1.9166666666666667,183.372,216.688,38.018,89.634,0.895,0
115,1.9166666666666667,280.402,203.968,35.779,72.603,0.904,0
116,1.9333333333333333,106.496,216.083,39.163,86.835,0.906,0
116,1.9333333333333333,187.489,215.557,40.013,89.753,0.898,0
116,1.9333333333333333,280.474,204.067,35.922,75.632,0.899,0
117,1.95,111.041,216.886,40.169,86.594,0.902,0
117,1.95,191.5,215.5,38.035,89.27,0.893,0
117,1.95,280.474,204.067,35.922,75.632,0.899,0
119,1.9833333333333334,118.5,215.199,40.098,87.282,0.911,0
119,1.9833333333333334,196.498,215.88,37.313,84.53,0.9,0
119,1.9833333333333334,279.954,204.27,34.95,77.465,0.901,0
120,2.0,123.983,216.514,41.311,82.947,0.903,0
120,2.0,199.509,217.462,38.315,84.219,0.911,0
121,2.0166666666666666,127.5,215.5,38.035,89.27,0.887,0
121,2.0166666666666666,203.509,217.462,38.315,84.219,0.911,0
122,2.033333333333333,132.039,216.208,38.245,86.306,0.901,0
122,2.033333333333333,207.067,216.759,39.452,82.805,0.906,0
123,2.05,136.015,216.179,37.611,82.353,0.904,0
123,2.05,209.493,218.051,38.343,76.376,0.898,0
124,2.066666666666667,140.978,216.899,38.236,86.505,0.908,0
124,2.066666666666667,212.49,216.004,37.165,86.861,0.906,0
126,2.1,148.993,216.275,40.11,86.571,0.904,0
126,2.1,217.004,217.409,36.638,81.867,0.904,0
127,2.1166666666666667,152.996,215.436,39.327,82.65,0.906,0
127,2.1166666666666667,221.55,217.052,37.827,80.485,0.903,0
128,2.1333333333333333,157.971,217.117,37.475,82.496,0.891,0
128,2.1333333333333333,222.958,217.216,36.781,81.843,0.902,0
129,2.15,161.526,216.068,39.621,81.305,0.895,0
129,2.15,226.483,217.371,36.423,84.297,0.903,0
130,2.1666666666666665,165.522,217.031,40.459,81.38,0.898,0
130,2.1666666666666665,227.971,215.92,37.608,82.441,0.897,0
131,2.183333333333333,12.455,197.021,40.83,105.718,0.898,0
131,2.183333333333333,169.537,217.572,39.471,80.827,0.896,0
131,2.183333333333333,232.504,218.511,36.679,80.329,0.9,0
132,2.2,18.923,197.498,39.897,108.224,0.908,0
132,2.2,174.014,215.924,38.655,78.762,0.907,0
132,2.2,234.038,217.37,37.092,78.505,0.913,0
133,2.216666666666667,22.95,197.472,42.092,106.744,0.911,0
133,2.216666666666667,177.54,216.199,39.078,76.639,0.895,0
133,2.216666666666667,236.455,218.802,37.826,80.522,0.899,0
134,2.2333333333333334,26.487,197.464,42.035,104.978,0.905,0
134,2.2333333333333334,182.533,216.596,37.868,76.098,0.9,0
134,2.2333333333333334,238.496,218.074,36.166,76.114,0.907,0
136,2.2666666666666666,36.543,196.437,41.79,101.893,0.892,0
136,2.2666666666666666,191.536,217.066,40.262,77.557,0.898,0
136,2.2666666666666666,242.541,218.615,37.87,76.287,0.892,0
137,2.283333333333333,41.479,197.052,40.263,102.473,0.894,0
137,2.283333333333333,195.997,216.515,40.804,79.592,0.901,0
137,2.283333333333333,243.568,218.672,37.869,76.161,0.882,0
138,2.3,47.419,197.106,42.193,101.567,0.9,0
138,2.3,198.548,217.007,40.044,77.793,0.911,0
138,2.3,245.53,218.452,39.511,77.337,0.898,0
139,2.316666666666667,52.024,197.128,40.012,100.753,0.899,0
139,2.316666666666667,202.466,216.968,39.778,81.151,0.906,0
139,2.316666666666667,247.019,218.109,35.919,78.114,0.905,0
140,2.3333333333333335,55.99,196.507,41.607,100.347,0.901,0
140,2.3333333333333335,205.983,216.437,40.802,79.695,0.904,0
140,2.3333333333333335,249.531,219.019,37.137,76.108,0.899,0
141,2.35,62.983,196.419,41.605,100.576,0.891,0
141,2.35,210.018,217.414,38.846,79.025,0.905,0
141,2.35,252.007,219.127,38.362,74.925,0.902,0
142,2.3666666666666667,69.492,197.593,41.444,102.212,0.903,0
142,2.3666666666666667,214.947,216.395,37.399,74.5,0.906,0
142,2.3666666666666667,252.502,218.446,35.202,75.535,0.885,0
143,2.3833333333333333,10.935,199.203,38.36,104.765,0.898,0
143,2.3833333333333333,75.484,196.58,42.716,98.042,0.907,0
143,2.3833333333333333,218.082,217.256,38.616,75.167,0.892,0
143,2.3833333333333333,253.528,219.552,36.901,76.518,0.899,0
144,2.4,16.553,197.952,40.81,102.22,0.91,0
144,2.4,80.01,196.592,42.933,99.767,0.912,0
144,2.4,223.524,217.535,37.687,73.006,0.913,0
144,2.4,255.004,218.542,34.731,77.286,0.907,0
145,2.4166666666666665,20.074,197.47,40.981,100.314,0.909,0
145,2.4166666666666665,87.47,198.108,40.259,102.35,0.905,0
145,2.4166666666666665,224.533,217.475,37.009,80.438,0.906,0
145,2.4166666666666665,257.086,218.804,35.913,78.452,0.901,0
146,2.433333333333333,23.538,197.955,40.459,98.761,0.907,0
146,2.433333333333333,92.966,197.38,40.984,100.399,0.906,0
146,2.433333333333333,228.471,217.886,40.046,77.621,0.902,0
146,2.433333333333333,258.494,219.655,33.739,79.561,0.908,0
147,2.45,30.5,198.5,38.113,95.882,0.899,0
147,2.45,100.059,196.27,40.432,96.618,0.908,0
147,2.45,232.0,217.104,37.479,82.333,0.911,0
147,2.45,258.924,219.932,34.227,72.61,0.895,0
148,2.466666666666667,33.533,197.55,40.476,95.227,0.902,0
148,2.466666666666667,106.5,196.5,40.291,95.145,0.904,0
148,2.466666666666667,235.44,217.805,38.642,73.456,0.906,0
148,2.466666666666667,261.148,218.892,32.031,77.005,0.901,0
149,2.4833333333333334,37.514,196.951,39.621,98.682,0.907,0
149,2.4833333333333334,112.487,196.044,41.746,98.597,0.905,0
149,2.4833333333333334,238.049,218.117,36.72,73.749,0.892,0
149,2.4833333333333334,261.066,219.723,36.693,78.646,0.897,0
150,2.5,43.514,196.951,39.621,98.682,0.907,0
150,2.5,118.516,196.484,38.292,94.915,0.906,0
150,2.5,241.484,217.988,36.412,75.898,0.903,0
150,2.5,261.938,219.245,36.692,78.315,0.899,0
151,2.5166666666666666,48.493,197.618,40.288,95.024,0.904,0
151,2.5166666666666666,125.014,197.556,38.468,97.591,0.9,0
151,2.5166666666666666,244.989,217.931,39.069,75.05,0.9,0
151,2.5166666666666666,263.94,218.79,33.007,76.863,0.903,0
152,2.533333333333333,54.463,197.066,39.298,95.24,0.907,0
152,2.533333333333333,132.02,197.25,41.163,93.259,0.905,0
152,2.533333333333333,247.973,217.957,36.13,77.929,0.91,0
152,2.533333333333333,262.979,218.84,33.938,72.916,0.898,0
153,2.55,59.958,197.356,40.165,93.297,0.904,0
153,2.55,139.433,197.035,42.01,89.682,0.892,0
153,2.55,251.037,218.03,38.059,78.913,0.906,0
153,2.55,263.468,218.984,35.525,79.695,0.904,0
154,2.566666666666667,37.896,218.563,38.0,109.141,0.906,0
154,2.566666666666667,67.053,197.715,39.225,93.302,0.904,0
154,2.566666666666667,145.537,197.321,40.495,95.567,0.91,0
154,2.566666666666667,252.985,218.857,36.437,74.36,0.904,0
155,2.5833333333333335,37.448,218.866,36.403,103.771,0.898,0
155,2.5833333333333335,72.516,197.436,43.187,94.78,0.904,0
155,2.5833333333333335,152.979,197.2,40.234,93.536,0.909,0
155,2.5833333333333335,256.515,217.459,38.276,72.867,0.9,0
156,2.6,39.525,218.342,35.713,104.745,0.903,0
156,2.6,78.03,198.284,41.311,97.036,0.902,0
156,2.6,160.492,196.428,42.179,92.502,0.91,0
156,2.6,258.993,219.139,38.618,75.103,0.913,0
157,2.6166666666666667,41.03,218.099,36.439,106.033,0.902,0
157,2.6166666666666667,83.603,197.355,39.002,89.864,0.889,0
157,2.6166666666666667,165.688,196.394,38.0,90.001,0.903,0
157,2.6166666666666667,261.557,218.053,36.735,72.168,0.906,0
158,2.6333333333333333,41.512,218.004,36.417,104.333,0.907,0
158,2.6333333333333333,90.493,196.614,40.098,92.691,0.907,0
158,2.6333333333333333,172.495,196.887,39.391,95.278,0.899,0
158,2.6333333333333333,264.044,219.489,38.323,71.13,0.904,0
159,2.65,42.996,217.508,36.146,107.007,0.907,0
159,2.65,96.54,196.396,42.355,94.718,0.9,0
159,2.65,180.003,197.331,42.102,93.11,0.903,0
159,2.65,266.029,217.976,34.824,72.648,0.901,0
160,2.6666666666666665,45.444,218.488,35.712,104.715,0.904,0
160,2.6666666666666665,103.022,198.578,37.248,93.711,0.903,0
160,2.6666666666666665,185.611,197.456,40.004,89.924,0.901,0
160,2.6666666666666665,268.954,217.954,36.712,74.113,0.895,0
161,2.683333333333333,46.518,217.812,38.93,106.699,0.901,0
161,2.683333333333333,109.978,197.222,39.327,97.742,0.899,0
161,2.683333333333333,193.322,197.352,40.004,90.072,0.889,0
161,2.683333333333333,270.925,218.786,36.161,73.827,0.898,0
162,2.7,49.044,217.923,37.87,101.325,0.904,0
162,2.7,115.512,195.863,40.295,95.311,0.898,0
162,2.7,199.529,198.939,39.021,89.579,0.895,0
162,2.7,274.004,219.023,36.162,73.912,0.889,0
163,2.716666666666667,51.056,216.81,38.072,101.504,0.908,0
163,2.716666666666667,123.936,197.329,41.146,87.246,0.911,0
163,2.716666666666667,207.329,197.332,40.025,90.506,0.896,0
163,2.716666666666667,274.954,219.336,37.399,74.617,0.89,0
164,2.7333333333333334,52.956,218.048,38.629,105.443,0.905,0
164,2.7333333333333334,129.033,195.884,38.175,86.504,0.899,0
164,2.7333333333333334,213.599,198.032,37.005,89.894,0.891,0
164,2.7333333333333334,277.532,218.105,31.635,73.943,0.897,0
165,2.75,55.032,217.95,38.947,108.113,0.903,0
165,2.75,137.491,197.439,38.031,90.64,0.892,0
165,2.75,219.5,197.5,38.035,89.27,0.895,0
165,2.75,277.469,218.959,35.685,76.074,0.905,0
166,2.7666666666666666,58.993,218.007,38.616,104.833,0.898,0
166,2.7666666666666666,144.561,198.23,41.148,87.194,0.903,0
166,2.7666666666666666,224.522,198.848,39.132,87.645,0.899,0
166,2.7666666666666666,280.464,218.919,35.525,80.191,0.9,0
167,2.783333333333333,60.946,217.137,38.358,104.586,0.899,0
167,2.783333333333333,150.488,196.491,42.196,87.179,0.908,0
167,2.783333333333333,232.496,198.443,38.295,85.002,0.901,0
167,2.783333333333333,283.075,219.653,33.437,77.361,0.9,0
168,2.8,64.569,217.38,36.415,108.566,0.906,0
168,2.8,159.419,196.963,39.0,90.002,0.897,0
168,2.8,237.993,198.696,40.109,86.624,0.915,0
168,2.8,285.062,219.729,33.975,77.342,0.907,0
169,2.816666666666667,66.546,217.584,38.277,107.153,0.912,0
169,2.816666666666667,166.056,198.305,42.175,93.805,0.906,0
169,2.816666666666667,244.526,199.084,40.201,84.876,0.908,0
169,2.816666666666667,284.529,220.083,33.974,74.526,0.892,0
170,2.8333333333333335,69.955,218.514,40.201,107.68,0.908,0
170,2.8333333333333335,172.933,197.237,39.248,86.195,0.903,0
170,2.8333333333333335,251.0,198.856,39.448,82.997,0.904,0
170,2.8333333333333335,286.122,219.177,33.874,72.437,0.896,0
171,2.85,72.993,217.578,37.661,105.267,0.911,0
171,2.85,180.007,196.718,41.231,86.491,0.899,0
171,2.85,257.044,199.878,40.278,86.746,0.901,0
171,2.85,286.538,221.111,33.551,74.234,0.901,0
172,2.8666666666666667,76.957,217.475,41.162,100.344,0.9,0
172,2.8666666666666667,186.996,197.686,39.114,86.305,0.899,0
172,2.8666666666666667,261.993,198.67,40.107,86.796,0.907,0
172,2.8666666666666667,288.54,219.17,33.548,74.376,0.903,0
173,2.8833333333333333,65.522,218.903,35.926,103.978,0.898,0
173,2.8833333333333333,79.487,217.932,38.643,106.684,0.905,0
173,2.8833333333333333,194.514,196.931,39.296,84.813,0.896,0
173,2.8833333333333333,268.461,199.035,39.775,81.231,0.9,0
174,2.9,67.053,219.887,35.16,102.302,0.902,0
174,2.9,83.496,217.422,39.599,103.042,0.904,0
174,2.9,199.972,198.06,40.318,83.197,0.904,0
174,2.9,273.037,199.451,37.256,86.117,0.901,0
175,2.9166666666666665,69.046,218.82,36.891,101.426,0.906,0
175,2.9166666666666665,86.898,217.607,38.324,108.907,0.901,0
175,2.9166666666666665,208.46,197.469,42.276,85.144,0.903,0
175,2.9166666666666665,279.007,199.4,38.465,82.557,0.905,0
176,2.933333333333333,69.948,219.076,35.711,102.246,0.892,0
176,2.933333333333333,92.041,217.32,37.925,105.266,0.906,0
176,2.933333333333333,214.965,197.782,39.575,82.869,0.904,0
176,2.933333333333333,284.521,198.893,39.786,80.943,0.907,0
177,2.95,71.918,218.553,35.762,106.348,0.906,0
177,2.95,96.962,216.615,39.571,104.313,0.897,0
177,2.95,223.434,196.801,39.626,81.066,0.909,0
177,2.95,290.5,200.5,36.677,80.429,0.905,0
178,2.966666666666667,73.504,218.147,36.402,103.717,0.903,0
178,2.966666666666667,100.975,217.971,38.622,105.094,0.902,0
178,2.966666666666667,229.0,198.435,40.441,82.954,0.903,0
178,2.966666666666667,296.049,201.138,38.335,82.796,0.907,0
179,2.9833333333333334,75.953,218.541,35.763,106.395,0.896,0
179,2.9833333333333334,104.452,217.122,37.688,107.633,0.898,0
179,2.9833333333333334,236.512,197.505,40.284,85.122,0.902,0
179,2.9833333333333334,300.975,200.309,38.577,83.001,0.894,0
205,3.4166666666666665,94.972,204.594,35.482,106.717,0.886,0
205,3.4166666666666665,177.007,217.296,37.616,97.78,0.888,0
205,3.4166666666666665,251.5,217.5,38.035,90.73,0.895,0
205,3.4166666666666665,377.457,202.94,36.735,72.175,0.903,0
206,3.433333333333333,97.067,203.537,33.974,102.6,0.896,0
206,3.433333333333333,182.988,215.788,35.282,94.356,0.899,0
206,3.433333333333333,259.427,217.079,37.017,89.666,0.89,0
206,3.433333333333333,380.537,203.56,37.129,76.905,0.904,0
207,3.45,99.021,204.529,34.525,98.533,0.891,0
207,3.45,188.43,216.54,38.193,92.674,0.907,0
207,3.45,263.5,215.5,38.035,90.73,0.893,0
207,3.45,381.949,203.0,38.162,66.352,0.899,0
208,3.466666666666667,101.091,203.374,33.972,102.444,0.894,0
208,3.466666666666667,195.035,216.124,36.191,93.891,0.903,0
208,3.466666666666667,269.078,216.622,37.25,93.746,0.899,0
208,3.466666666666667,388.068,203.159,35.896,74.279,0.902,0
209,3.4833333333333334,103.091,203.374,33.972,102.444,0.896,0
209,3.4833333333333334,200.419,217.105,37.166,93.172,0.906,0
209,3.4833333333333334,275.964,216.96,38.227,93.314,0.899,0
209,3.4833333333333334,389.564,202.65,34.952,75.457,0.894,0
210,3.5,104.471,202.628,36.165,103.793,0.897,0
210,3.5,205.5,217.5,36.089,91.096,0.886,0
210,3.5,281.0,216.533,39.171,93.415,0.9,0
210,3.5,393.5,203.905,33.725,75.13,0.904,0
211,3.5166666666666666,107.51,203.586,34.233,104.393,0.899,0
211,3.5166666666666666,212.52,217.459,38.308,95.45,0.893,0
211,3.5166666666666666,287.5,216.5,36.039,90.82,0.889,0
211,3.5166666666666666,396.544,204.236,36.075,72.719,0.897,0
212,3.533333333333333,109.486,202.996,35.69,103.743,0.894,0
212,3.533333333333333,218.529,216.805,39.134,92.388,0.908,0
212,3.533333333333333,293.495,216.936,39.031,90.633,0.895,0
212,3.533333333333333,397.563,205.175,33.531,75.024,0.904,0
213,3.55,113.059,202.498,38.618,109.094,0.908,0
213,3.55,223.662,216.538,36.003,90.085,0.891,0
213,3.55,298.996,216.625,35.2,94.121,0.905,0
213,3.55,401.026,205.034,33.229,77.022,0.896,0
214,3.566666666666667,116.506,203.181,34.504,105.289,0.905,0
214,3.566666666666667,230.972,215.63,39.249,93.82,0.91,0
214,3.566666666666667,305.691,218.044,37.006,90.168,0.899,0
214,3.566666666666667,401.556,204.645,35.785,71.471,0.896,0
215,3.5833333333333335,118.989,201.602,36.714,109.918,0.898,0
215,3.5833333333333335,236.496,217.565,36.205,92.841,0.913,0
215,3.5833333333333335,310.488,217.52,38.305,84.651,0.898,0
215,3.5833333333333335,404.957,204.917,36.162,73.865,0.895,0
216,3.6,123.0,202.962,36.901,102.261,0.903,0
216,3.6,241.603,217.519,39.002,89.89,0.896,0
216,3.6,316.996,218.348,38.189,85.975,0.908,0
216,3.6,406.529,205.566,34.238,75.144,0.907,0
217,3.6166666666666667,126.996,201.543,39.326,104.701,0.908,0
217,3.6166666666666667,249.438,216.936,38.007,89.805,0.888,0
217,3.6166666666666667,321.5,217.5,36.089,88.904,0.893,0
217,3.6166666666666667,409.553,204.526,35.785,71.449,0.892,0
218,3.6333333333333333,129.532,202.492,35.713,104.742,0.899,0
218,3.6333333333333333,255.612,216.938,37.002,90.046,0.889,0
218,3.6333333333333333,327.996,217.308,36.248,86.326,0.909,0
218,3.6333333333333333,410.491,205.509,33.542,69.613,0.896,0
219,3.65,132.508,202.073,36.169,104.155,0.902,0
219,3.65,261.5,218.5,38.019,89.612,0.9,0
219,3.65,332.977,216.91,37.609,82.418,0.904,0
219,3.65,412.07,205.548,33.262,71.921,0.894,0
220,3.6666666666666665,134.47,203.267,41.655,111.472,0.921,0
220,3.6666666666666665,266.986,216.769,38.242,86.37,0.903,0
220,3.6666666666666665,339.47,217.951,37.41,84.482,0.896,0
221,3.683333333333333,137.453,202.924,44.081,111.913,0.915,0
221,3.683333333333333,274.534,217.598,38.104,87.132,0.904,0
221,3.683333333333333,343.474,218.876,37.421,84.226,0.897,0
222,3.7,133.922,204.254,33.753,103.239,0.905,0
222,3.7,146.03,202.091,37.4,106.238,0.901,0
222,3.7,279.982,216.7,38.585,82.803,0.904,0
222,3.7,349.043,219.144,37.871,78.563,0.895,0
223,3.716666666666667,135.386,205.232,33.528,104.873,0.908,0
223,3.716666666666667,150.595,201.992,36.897,103.918,0.902,0
223,3.716666666666667,285.982,216.607,39.246,86.252,0.897,0
223,3.716666666666667,354.0,218.203,36.196,85.917,0.897,0
224,3.7333333333333334,137.974,204.283,33.524,103.213,0.899,0
224,3.7333333333333334,155.552,200.979,39.31,106.865,0.904,0
224,3.7333333333333334,293.011,217.418,38.466,82.511,0.904,0
224,3.7333333333333334,359.52,218.004,35.447,83.865,0.901,0
225,3.75,139.468,203.62,37.688,107.562,0.895,0
225,3.75,160.0,201.523,40.748,104.832,0.906,0
225,3.75,299.011,217.922,38.336,82.501,0.899,0
225,3.75,363.976,218.106,34.251,86.348,0.907,0
226,3.7666666666666666,145.451,204.152,36.094,108.027,0.895,0
226,3.7666666666666666,165.041,200.311,38.091,105.775,0.897,0
226,3.7666666666666666,304.493,217.038,39.3,84.685,0.902,0
226,3.7666666666666666,368.506,218.498,34.448,83.972,0.905,0
227,3.783333333333333,146.967,204.406,35.482,106.824,0.897,0
227,3.783333333333333,170.076,201.396,39.326,104.639,0.908,0
227,3.783333333333333,312.068,217.71,38.459,82.842,0.898,0
227,3.783333333333333,373.033,218.378,34.666,81.67,0.905,0
228,3.8,148.475,204.595,36.733,107.232,0.911,0
228,3.8,176.033,201.189,37.674,101.252,0.908,0
228,3.8,316.489,216.553,37.22,84.145,0.905,0
228,3.8,379.015,218.433,36.495,81.949,0.907,0
229,3.816666666666667,152.44,203.609,34.239,104.994,0.902,0
229,3.816666666666667,181.559,201.07,38.104,103.222,0.904,0
229,3.816666666666667,324.015,217.657,36.613,82.522,0.902,0
229,3.816666666666667,382.5,217.5,37.035,79.91,0.896,0
230,3.8333333333333335,154.552,202.409,35.444,104.179,0.897,0
230,3.8333333333333335,187.558,200.382,38.64,99.012,0.905,0
230,3.8333333333333335,328.996,216.781,37.615,82.26,0.907,0
230,3.8333333333333335,386.469,217.996,37.832,80.339,0.901,0
231,3.85,157.965,203.05,36.899,102.07,0.893,0
231,3.85,192.068,199.395,37.661,105.253,0.914,0
231,3.85,335.015,218.055,38.068,78.631,0.905,0
231,3.85,391.004,218.785,34.274,85.882,0.91,0
232,3.8666666666666667,162.488,202.418,35.202,104.498,0.895,0
232,3.8666666666666667,198.541,200.889,39.601,106.519,0.899,0
232,3.8666666666666667,342.004,217.594,38.467,82.485,0.911,0
232,3.8666666666666667,394.475,218.983,33.356,83.66,0.909,0
233,3.8833333333333333,166.49,202.946,36.896,103.979,0.9,0
233,3.8833333333333333,204.935,199.978,38.655,101.267,0.896,0
233,3.8833333333333333,347.486,217.54,39.074,77.222,0.905,0
233,3.8833333333333333,399.451,218.933,36.413,75.867,0.907,0
234,3.9,170.051,202.027,35.916,101.702,0.901,0
234,3.9,211.496,199.907,37.656,99.217,0.907,0
234,3.9,352.509,217.474,39.073,77.299,0.896,0
234,3.9,401.954,219.204,33.537,81.437,0.898,0
235,3.9166666666666665,174.5,202.081,36.166,103.865,0.903,0
235,3.9166666666666665,218.026,199.135,38.656,100.926,0.899,0
235,3.9166666666666665,358.547,217.608,38.639,81.033,0.901,0
235,3.9166666666666665,407.51,218.477,34.726,79.263,0.9,0
236,3.933333333333333,177.482,202.029,38.327,102.998,0.903,0
236,3.933333333333333,223.516,197.937,39.625,98.884,0.897,0
236,3.933333333333333,363.054,217.343,38.067,78.669,0.895,0
236,3.933333333333333,410.076,217.744,33.537,81.443,0.903,0
237,3.95,182.486,202.078,36.166,103.865,0.906,0
237,3.95,230.507,201.156,40.616,99.096,0.898,0
237,3.95,369.953,217.866,38.85,78.702,0.894,0
237,3.95,414.574,219.208,37.982,72.885,0.908,0
238,3.966666666666667,187.48,201.993,38.322,102.834,0.896,0
238,3.966666666666667,237.491,199.473,38.644,99.269,0.892,0
238,3.966666666666667,375.565,217.911,34.838,71.009,0.907,0
238,3.966666666666667,416.971,219.289,33.536,81.462,0.895,0
239,3.9833333333333334,191.057,201.398,37.099,101.748,0.902,0
239,3.9833333333333334,244.545,198.451,38.985,99.647,0.902,0
239,3.9833333333333334,381.569,218.128,38.334,76.727,0.899,0
239,3.9833333333333334,421.514,219.572,33.745,79.192,0.893,0
240,4.0,197.504,201.466,36.671,99.295,0.915,0
240,4.0,252.026,200.074,38.854,101.759,0.913,0
240,4.0,386.069,217.065,36.691,78.128,0.91,0
240,4.0,423.934,218.362,32.042,76.265,0.899,0
241,4.016666666666667,201.495,201.07,37.659,99.336,0.91,0
241,4.016666666666667,259.022,199.419,38.846,100.928,0.9,0
241,4.016666666666667,390.978,217.498,38.847,79.004,0.905,0
241,4.016666666666667,425.51,219.538,36.9,76.407,0.906,0
242,4.033333333333333,206.5,200.5,36.673,99.372,0.899,0
242,4.033333333333333,266.539,198.435,37.867,103.96,0.901,0
242,4.033333333333333,396.562,218.162,36.415,75.762,0.902,0
242,4.033333333333333,430.662,219.219,34.224,70.716,0.901,0
243,4.05,212.083,201.344,39.327,97.145,0.906,0
243,4.05,273.007,199.338,39.638,100.922,0.903,0
243,4.05,401.516,219.016,36.406,76.116,0.896,0
243,4.05,432.894,219.453,34.521,73.669,0.896,0
244,4.066666666666666,217.523,201.538,36.673,99.402,0.905,0
244,4.066666666666666,280.014,199.804,38.184,93.803,0.904,0
244,4.066666666666666,405.479,218.479,37.135,76.444,0.902,0
244,4.066666666666666,434.569,220.13,35.525,79.874,0.9,0
245,4.083333333333333,222.49,201.464,37.024,99.858,0.895,0
245,4.083333333333333,288.455,199.084,37.41,95.51,0.895,0
245,4.083333333333333,411.535,219.104,34.494,75.159,0.905,0
245,4.083333333333333,437.551,219.72,34.711,75.919,0.905,0
246,4.1,229.019,200.406,36.895,101.658,0.897,0
246,4.1,294.981,199.307,37.609,97.591,0.903,0
246,4.1,414.977,216.881,36.437,74.405,0.905,0
246,4.1,439.097,219.796,32.78,76.884,0.897,0
247,4.116666666666666,236.028,199.748,35.643,97.988,0.903,0
247,4.116666666666666,302.462,198.495,38.978,99.506,0.904,0
247,4.116666666666666,420.496,218.477,35.199,75.839,0.906,0
247,4.116666666666666,441.512,218.55,34.709,75.792,0.896,0
248,4.133333333333334,242.057,200.265,38.582,97.103,0.903,0
248,4.133333333333334,310.572,200.445,41.447,98.592,0.904,0
248,4.133333333333334,424.986,216.493,39.57,75.719,0.905,0
248,4.133333333333334,445.113,220.335,33.525,76.812,0.905,0
249,4.15,247.49,201.452,36.537,95.947,0.899,0
249,4.15,316.964,199.603,39.328,97.436,0.904,0
249,4.15,429.507,218.064,38.642,73.52,0.905,0
249,4.15,445.5,218.424,35.785,71.266,0.894,0
250,4.166666666666667,253.478,200.43,38.512,95.695,0.905,0
250,4.166666666666667,324.496,198.518,38.292,94.917,0.903,0
250,4.166666666666667,433.039,218.117,39.896,71.619,0.901,0
250,4.166666666666667,447.577,219.162,33.531,75.024,0.898,0
251,4.183333333333334,236.979,220.042,34.234,106.953,0.894,0
251,4.183333333333334,259.469,198.9,35.696,99.815,0.9,0
251,4.183333333333334,331.979,199.308,40.551,96.706,0.906,0
251,4.183333333333334,436.5,218.5,36.416,71.624,0.907,0
252,4.2,238.516,220.04,35.921,104.432,0.905,0
252,4.2,266.95,200.165,38.247,93.737,0.91,0
252,4.2,340.471,198.546,42.003,92.586,0.914,0
252,4.2,441.519,218.53,38.347,72.8,0.909,0
253,4.216666666666667,239.983,220.108,33.526,103.141,0.901,0
253,4.216666666666667,274.489,199.919,37.309,95.329,0.901,0
253,4.216666666666667,348.004,199.363,39.239,93.599,0.911,0
253,4.216666666666667,444.51,218.562,35.785,71.55,0.891,0
254,4.233333333333333,243.066,220.305,34.951,102.634,0.896,0
254,4.233333333333333,280.0,200.373,35.182,93.541,0.897,0
254,4.233333333333333,356.0,198.565,39.166,86.733,0.911,0
254,4.233333333333333,449.557,219.609,34.235,75.399,0.912,0
255,4.25,244.542,220.916,35.923,104.286,0.901,0
255,4.25,288.008,200.382,36.493,97.919,0.899,0
255,4.25,363.625,199.047,37.014,90.274,0.896,0
255,4.25,451.601,219.318,33.528,75.122,0.902,0
256,4.266666666666667,247.509,219.461,32.774,101.566,0.892,0
256,4.266666666666667,293.993,199.737,38.18,93.676,0.901,0
256,4.266666666666667,371.636,198.431,37.0,90.015,0.895,0
256,4.266666666666667,455.982,217.467,37.863,79.136,0.902,0
257,4.283333333333333,249.032,218.956,35.712,102.05,0.899,0
257,4.283333333333333,300.449,200.191,39.143,92.613,0.912,0
257,4.283333333333333,377.449,199.515,38.305,84.664,0.907,0
257,4.283333333333333,457.537,219.459,37.133,76.577,0.901,0
258,4.3,251.512,219.484,36.898,103.802,0.898,0
258,4.3,307.606,200.075,39.015,90.298,0.895,0
258,4.3,384.54,200.479,38.185,87.466,0.907,0
258,4.3,460.944,218.809,36.162,73.862,0.901,0
259,4.316666666666666,254.419,219.073,33.893,109.07,0.904,0
259,4.316666666666666,315.5,199.5,36.033,90.677,0.901,0
259,4.316666666666666,392.509,198.426,38.216,86.897,0.906,0
259,4.316666666666666,464.484,218.484,35.204,75.174,0.895,0
260,4.333333333333333,257.57,219.136,34.222,109.222,0.891,0
260,4.333333333333333,323.418,200.847,39.022,90.438,0.892,0
260,4.333333333333333,399.468,200.011,37.446,83.549,0.906,0
260,4.333333333333333,466.472,219.009,33.557,79.178,0.898,0
261,4.35,258.974,220.709,32.621,107.806,0.901,0
261,4.35,329.512,200.443,38.014,89.725,0.896,0
261,4.35,406.518,199.558,36.231,86.667,0.911,0
261,4.35,470.161,219.453,33.861,73.009,0.901,0
262,4.366666666666666,263.02,219.53,35.176,110.376,0.9,0
262,4.366666666666666,337.04,200.546,35.178,86.585,0.912,0
262,4.366666666666666,413.465,201.103,39.416,84.086,0.904,0
262,4.366666666666666,473.046,220.633,34.732,77.344,0.903,0
263,4.383333333333334,266.933,219.043,35.884,106.139,0.895,0
263,4.383333333333334,345.401,200.047,37.004,90.076,0.895,0
263,4.383333333333334,421.332,199.392,40.0,90.212,0.895,0
263,4.383333333333334,474.961,220.363,36.436,74.47,0.898,0
264,4.4,268.968,220.623,35.481,106.522,0.904,0
264,4.4,350.5,199.5,40.108,84.486,0.903,0
264,4.4,427.498,199.584,36.552,83.793,0.915,0
264,4.4,477.925,220.492,35.916,78.3,0.911,0
265,4.416666666666667,273.012,218.024,35.162,102.382,0.896,0
265,4.416666666666667,359.5,200.5,38.008,89.836,0.9,0
265,4.416666666666667,435.055,200.04,39.111,86.614,0.907,0
265,4.416666666666667,480.048,220.661,35.194,73.285,0.892,0
266,4.433333333333334,276.527,217.866,33.973,105.569,0.895,0
266,4.433333333333334,367.032,198.874,38.222,86.785,0.902,0
266,4.433333333333334,441.041,200.362,38.18,86.328,0.901,0
266,4.433333333333334,482.515,219.079,33.557,79.079,0.899,0
267,4.45,280.496,218.913,36.118,107.972,0.898,0
267,4.45,373.468,198.944,37.437,83.8,0.901,0
267,4.45,447.521,199.966,37.426,84.113,0.903,0
267,4.45,483.57,219.582,34.705,75.623,0.901,0
268,4.466666666666667,282.576,219.435,37.092,107.338,0.896,0
268,4.466666666666667,381.014,198.935,38.318,86.174,0.898,0
268,4.466666666666667,454.484,198.89,37.149,87.297,0.913,0
268,4.466666666666667,485.018,220.946,31.802,75.965,0.887,0
269,4.483333333333333,287.02,219.004,35.879,106.298,0.898,0
269,4.483333333333333,388.996,199.87,39.58,82.752,0.904,0
269,4.483333333333333,460.446,201.362,37.037,79.887,0.903,0
269,4.483333333333333,487.458,219.542,34.235,75.414,0.902,0
270,4.5,277.584,220.337,35.197,104.021,0.898,0
270,4.5,290.896,218.327,35.756,106.107,0.903,0
270,4.5,395.511,198.929,37.426,84.091,0.904,0
270,4.5,467.596,200.749,36.319,84.461,0.908,0
271,4.516666666666667,278.544,219.803,33.977,105.272,0.895,0
271,4.516666666666667,294.51,218.901,35.925,104.017,0.895,0
271,4.516666666666667,402.0,200.31,42.421,83.234,0.899,0
271,4.516666666666667,473.562,201.049,37.427,84.068,0.904,0
272,4.533333333333333,280.492,220.19,34.893,100.145,0.909,0
272,4.533333333333333,298.508,218.538,36.167,103.922,0.893,0
272,4.533333333333333,409.957,200.181,38.224,86.755,0.907,0
272,4.533333333333333,478.5,200.5,36.327,84.174,0.894,0
273,4.55,281.456,221.629,34.517,108.719,0.9,0
273,4.55,302.631,217.814,34.171,109.444,0.902,0
273,4.55,417.565,199.558,38.312,84.38,0.896,0
273,4.55,484.516,200.93,35.336,84.02,0.895,0
274,4.566666666666666,284.928,221.17,31.984,108.619,0.897,0
274,4.566666666666666,306.47,218.091,35.779,107.358,0.901,0
274,4.566666666666666,424.478,200.083,39.292,84.982,0.904,0
274,4.566666666666666,491.084,200.645,36.897,78.117,0.908,0
275,4.583333333333333,286.541,220.099,33.971,105.696,0.903,0
275,4.583333333333333,310.024,218.412,35.761,106.324,0.905,0
275,4.583333333333333,431.554,200.547,36.682,80.1,0.902,0
275,4.583333333333333,496.559,201.0,37.833,80.297,0.907,0
276,4.6,288.974,220.711,32.288,107.974,0.907,0
276,4.6,314.935,218.16,36.438,105.711,0.909,0
276,4.6,438.043,198.988,35.919,78.115,0.913,0
276,4.6,501.0,201.617,37.084,78.723,0.914,0
277,4.616666666666666,290.514,219.98,35.451,104.427,0.892,0
277,4.616666666666666,318.459,218.117,38.648,99.479,0.911,0
277,4.616666666666666,445.519,200.473,38.801,80.872,0.9,0
277,4.616666666666666,506.512,202.512,37.497,80.525,0.904,0
278,4.633333333333334,293.486,220.568,36.163,103.597,0.897,0
278,4.633333333333334,323.483,218.035,35.887,100.437,0.9,0
278,4.633333333333334,452.025,199.845,37.87,78.652,0.904,0
278,4.633333333333334,511.471,202.422,36.682,80.151,0.898,0
279,4.65,295.5,220.593,31.791,101.367,0.899,0
279,4.65,327.996,219.131,38.618,104.888,0.905,0
279,4.65,458.036,201.489,38.85,78.757,0.906,0
279,4.65,516.015,202.149,36.439,74.121,0.904,0
280,4.666666666666667,298.477,220.136,34.717,100.141,0.901,0
280,4.666666666666667,333.519,219.542,37.6,103.481,0.908,0
280,4.666666666666667,463.965,200.258,39.243,78.693,0.903,0
280,4.666666666666667,520.977,200.398,37.398,74.669,0.906,0
281,4.683333333333334,302.064,218.881,32.308,108.322,0.898,0
281,4.683333333333334,337.5,218.422,37.871,103.64,0.891,0
281,4.683333333333334,471.505,199.76,37.823,80.595,0.902,0
281,4.683333333333334,523.964,201.854,36.142,77.512,0.914,0
282,4.7,303.03,219.983,33.753,103.183,0.898,0
282,4.7,343.467,219.656,36.571,96.561,0.907,0
282,4.7,477.496,200.465,38.641,80.949,0.903,0
282,4.7,528.51,202.335,35.066,79.921,0.903,0
283,4.716666666666667,305.957,219.165,33.231,103.017,0.897,0
283,4.716666666666667,347.931,219.263,37.868,101.179,0.9,0
283,4.716666666666667,484.024,200.969,40.531,76.041,0.903,0
283,4.716666666666667,533.039,202.166,35.917,78.221,0.901,0
285,4.75,311.513,219.522,34.232,104.344,0.917,0
285,4.75,357.043,218.798,35.914,101.609,0.905,0
285,4.75,495.043,201.022,38.62,75.02,0.897,0
285,4.75,539.98,202.502,35.162,77.614,0.898,0
286,4.766666666666667,315.555,219.919,33.557,100.958,0.892,0
286,4.766666666666667,361.943,218.394,38.596,97.474,0.902,0
286,4.766666666666667,502.504,200.507,37.137,76.149,0.898,0
286,4.766666666666667,543.0,203.152,33.976,77.253,0.894,0
287,4.783333333333333,317.996,220.427,34.523,98.452,0.89,0
287,4.783333333333333,366.95,218.715,36.488,97.687,0.897,0
287,4.783333333333333,506.992,202.019,35.911,78.575,0.902,0
287,4.783333333333333,548.554,202.402,35.092,79.417,0.898,0
288,4.8,321.51,219.008,35.525,100.379,0.902,0
288,4.8,371.989,218.034,36.9,102.204,0.906,0
288,4.8,512.51,200.089,36.166,76.159,0.913,0
288,4.8,550.489,202.531,36.168,75.874,0.902,0
289,4.816666666666666,325.073,219.915,34.946,102.236,0.9,0
289,4.816666666666666,378.0,218.449,37.346,97.964,0.904,0
289,4.816666666666666,517.027,200.996,36.131,77.901,0.903,0
289,4.816666666666666,553.504,204.525,34.707,75.704,0.892,0
290,4.833333333333333,328.05,218.304,34.376,98.267,0.9,0
290,4.833333333333333,381.524,219.066,37.655,99.16,0.908,0
290,4.833333333333333,522.509,201.087,38.104,76.825,0.902,0
290,4.833333333333333,555.009,202.573,32.62,72.361,0.897,0
291,4.85,332.071,219.336,33.528,98.189,0.897,0
291,4.85,386.49,218.444,36.679,99.719,0.897,0
291,4.85,527.022,201.04,38.619,75.049,0.907,0
291,4.85,558.996,203.518,32.775,76.213,0.894,0
292,4.866666666666666,334.98,219.024,34.653,97.993,0.891,0
292,4.866666666666666,394.434,218.062,35.887,100.458,0.9,0
292,4.866666666666666,531.971,201.834,37.871,78.627,0.9,0
292,4.866666666666666,561.483,204.413,34.724,79.408,0.897,0
293,4.883333333333334,338.439,219.226,33.538,105.241,0.894,0
293,4.883333333333334,399.023,218.238,36.191,93.897,0.897,0
293,4.883333333333334,537.551,201.623,37.983,72.807,0.899,0
293,4.883333333333334,563.467,205.031,36.429,72.155,0.893,0
294,4.9,343.509,219.594,33.349,96.063,0.901,0
294,4.9,403.49,217.664,36.533,95.879,0.905,0
294,4.9,541.485,201.048,37.664,80.371,0.901,0
294,4.9,564.485,203.873,33.976,74.665,0.897,0
295,4.916666666666667,347.477,219.122,32.96,101.083,0.892,0
295,4.916666666666667,408.974,218.63,36.493,97.945,0.898,0
295,4.916666666666667,545.527,202.154,36.415,75.758,0.895,0
295,4.916666666666667,566.966,205.0,33.571,72.812,0.903,0
296,4.933333333333334,351.022,220.035,33.388,98.938,0.889,0
296,4.933333333333334,413.467,217.042,36.509,100.27,0.898,0
296,4.933333333333334,549.022,201.55,39.326,75.334,0.906,0
296,4.933333333333334,570.025,205.728,34.524,73.258,0.899,0
297,4.95,353.919,218.709,34.953,102.849,0.89,0
297,4.95,418.034,217.384,36.622,97.693,0.898,0
297,4.95,553.513,201.966,36.735,72.376,0.903,0
297,4.95,571.518,205.566,34.838,71.227,0.896,0
298,4.966666666666667,358.988,219.036,35.366,98.314,0.893,0
298,4.966666666666667,423.489,218.149,38.315,95.778,0.901,0
298,4.966666666666667,557.0,202.534,36.899,77.987,0.901,0
298,4.966666666666667,570.417,205.715,33.977,74.734,0.902,0
299,4.983333333333333,362.487,219.197,32.492,96.797,0.892,0
299,4.983333333333333,429.491,218.443,36.044,90.917,0.892,0
299,4.983333333333333,561.051,203.167,36.9,77.758,0.906,0
299,4.983333333333333,571.942,204.375,34.949,77.533,0.9,0
300,5.0,366.519,218.481,34.349,96.3,0.9,0
300,5.0,434.981,217.822,36.202,94.325,0.903,0
300,5.0,569.477,204.629,41.151,67.446,0.926,0
301,5.016666666666667,370.955,219.167,33.693,98.756,0.895,0
301,5.016666666666667,440.536,218.415,37.22,95.854,0.904,0
301,5.016666666666667,569.901,204.163,39.63,70.978,0.915,0
302,5.033333333333333,300.048,207.322,29.615,99.894,0.896,0
302,5.033333333333333,375.398,218.203,36.01,89.685,0.89,0
302,5.033333333333333,443.677,218.263,37.006,89.637,0.897,0
302,5.033333333333333,569.881,203.144,33.968,77.797,0.912,0
303,5.05,300.542,208.542,32.388,100.791,0.894,0
303,5.05,378.506,219.051,36.226,95.897,0.905,0
303,5.05,450.506,218.43,37.22,95.81,0.902,0
303,5.05,571.571,204.153,39.867,74.291,0.895,0
304,5.066666666666666,302.108,206.771,32.312,108.104,0.897,0
304,5.066666666666666,383.448,217.096,35.447,96.158,0.898,0
304,5.066666666666666,454.528,217.532,36.223,93.171,0.906,0
304,5.066666666666666,575.012,203.484,34.521,73.646,0.9,0
305,5.083333333333333,303.912,206.3,31.317,104.022,0.9,0
305,5.083333333333333,388.457,218.48,38.224,86.742,0.9,0
305,5.083333333333333,460.068,217.817,36.26,93.915,0.898,0
305,5.083333333333333,577.017,204.174,33.75,76.524,0.89,0
306,5.1,305.052,205.953,33.754,103.014,0.899,0
306,5.1,391.661,219.008,35.009,89.822,0.896,0
306,5.1,465.037,217.53,37.248,93.708,0.894,0
306,5.1,579.965,202.875,36.725,70.676,0.895,0
307,5.116666666666666,305.474,207.192,32.957,100.998,0.899,0
307,5.116666666666666,397.473,218.504,36.333,96.102,0.9,0
307,5.116666666666666,470.496,217.824,36.111,86.897,0.902,0
307,5.116666666666666,581.62,204.136,36.095,71.917,0.892,0
308,5.133333333333334,307.029,206.945,33.703,103.37,0.901,0
308,5.133333333333334,403.401,218.964,37.005,89.901,0.891,0
308,5.133333333333334,475.363,217.577,36.022,89.566,0.897,0
308,5.133333333333334,583.1,203.232,34.601,68.937,0.9,0
309,5.15,308.008,206.091,36.039,106.247,0.897,0
309,5.15,407.5,218.5,34.011,90.209,0.898,0
309,5.15,480.024,218.677,34.265,93.935,0.893,0
309,5.15,584.95,205.31,34.52,73.771,0.911,0
310,5.166666666666667,310.036,206.441,35.482,106.761,0.897,0
310,5.166666666666667,411.468,218.94,35.026,90.532,0.899,0
310,5.166666666666667,483.661,217.975,38.003,90.087,0.895,0
310,5.166666666666667,587.036,205.578,33.01,76.563,0.897,0
311,5.183333333333334,311.478,206.527,32.316,105.646,0.901,0
311,5.183333333333334,415.505,219.064,37.034,90.708,0.895,0
311,5.183333333333334,489.479,218.038,36.027,89.093,0.898,0
311,5.183333333333334,587.477,203.804,33.979,74.901,0.895,0
312,5.2,314.03,204.941,33.57,107.045,0.905,0
312,5.2,420.571,220.106,35.177,86.599,0.914,0
312,5.2,492.473,218.492,38.211,92.998,0.916,0
312,5.2,588.475,204.092,34.514,71.081,0.903,0
313,5.216666666666667,316.452,205.556,34.837,108.569,0.901,0
313,5.216666666666667,424.467,219.078,36.111,86.879,0.911,0
313,5.216666666666667,498.977,218.729,36.201,85.735,0.897,0
313,5.216666666666667,590.528,205.511,33.28,74.018,0.887,0
314,5.233333333333333,317.549,205.872,33.556,101.128,0.898,0
314,5.233333333333333,429.481,218.004,35.033,89.334,0.896,0
314,5.233333333333333,501.984,217.639,35.272,85.871,0.903,0
314,5.233333333333333,590.502,204.538,35.204,75.238,0.888,0
315,5.25,321.008,203.964,35.156,102.181,0.893,0
315,5.25,435.026,219.338,37.173,86.614,0.899,0
315,5.25,505.496,217.905,37.427,84.082,0.906,0
315,5.25,591.487,205.5,33.009,74.334,0.888,0
316,5.266666666666667,323.09,204.816,36.724,109.349,0.895,0
316,5.266666666666667,439.47,219.06,37.023,89.529,0.898,0
316,5.266666666666667,509.695,219.045,33.013,89.74,0.896,0
316,5.266666666666667,591.106,206.152,31.804,76.178,0.899,0
317,5.283333333333333,322.277,206.473,38.008,108.595,0.925,0
317,5.283333333333333,443.965,219.736,35.269,85.929,0.906,0
317,5.283333333333333,513.655,218.188,35.005,90.105,0.893,0
318,5.3,323.303,205.686,38.478,111.041,0.922,0
318,5.3,449.537,218.556,34.054,89.174,0.897,0
318,5.3,517.464,218.543,36.679,80.292,0.898,0
319,5.316666666666666,324.338,206.117,38.051,115.308,0.898,0
319,5.316666666666666,452.545,218.98,36.104,87.246,0.904,0
319,5.316666666666666,522.519,218.568,37.22,84.189,0.902,0
320,5.333333333333333,321.106,206.848,31.804,103.822,0.9,0
320,5.333333333333333,331.482,204.567,34.955,103.903,0.895,0
320,5.333333333333333,457.56,218.111,35.454,83.682,0.902,0
320,5.333333333333333,525.49,218.951,35.446,83.879,0.901,0
321,5.35,320.561,206.959,32.032,106.797,0.902,0
321,5.35,334.483,204.517,32.949,109.267,0.899,0
321,5.35,461.961,218.634,35.192,86.156,0.898,0
321,5.35,528.551,218.519,35.095,79.347,0.908,0
322,5.366666666666666,322.013,206.535,32.379,113.599,0.891,0
322,5.366666666666666,337.954,205.146,33.863,107.041,0.896,0
322,5.366666666666666,466.961,217.852,35.652,81.758,0.899,0
322,5.366666666666666,532.996,219.473,37.253,86.189,0.896,0
323,5.383333333333334,322.984,206.894,34.662,98.234,0.899,0
323,5.383333333333334,340.452,203.593,34.236,104.649,0.903,0
323,5.383333333333334,470.02,217.129,35.653,81.748,0.905,0
323,5.383333333333334,535.015,219.007,37.617,82.189,0.904,0
324,5.4,323.041,205.457,33.973,102.471,0.903,0
324,5.4,343.496,204.085,35.198,104.039,0.909,0
324,5.4,476.526,218.579,37.495,80.079,0.901,0
324,5.4,537.952,218.785,35.713,78.031,0.905,0
326,5.433333333333334,325.614,206.328,34.708,104.236,0.903,0
326,5.433333333333334,350.981,203.712,38.361,104.901,0.907,0
326,5.433333333333334,484.63,218.138,35.877,79.871,0.903,0
326,5.433333333333334,544.992,218.77,35.366,81.716,0.895,0
327,5.45,328.551,206.898,32.038,106.385,0.893,0
327,5.45,356.0,203.65,36.897,101.85,0.899,0
327,5.45,488.525,218.555,38.319,80.535,0.897,0
327,5.45,548.559,218.541,31.786,78.943,0.901,0
328,5.466666666666667,329.508,206.512,34.954,104.279,0.895,0
328,5.466666666666667,358.0,203.65,36.897,101.85,0.899,0
328,5.466666666666667,492.971,217.901,34.376,81.701,0.895,0
328,5.466666666666667,549.494,218.119,34.891,79.904,0.889,0
329,5.483333333333333,330.968,205.526,34.52,106.25,0.892,0
329,5.483333333333333,361.547,202.919,35.923,104.276,0.902,0
329,5.483333333333333,496.568,219.008,33.94,78.939,0.895,0
329,5.483333333333333,553.474,218.96,35.525,79.868,0.893,0
330,5.5,332.506,205.549,34.358,100.506,0.904,0
330,5.5,366.004,202.43,36.436,105.489,0.895,0
330,5.5,502.011,218.088,39.45,82.907,0.906,0
330,5.5,555.511,218.569,31.792,78.572,0.896,0
331,5.516666666666667,334.932,204.671,35.194,106.746,0.89,0
331,5.516666666666667,369.521,201.931,37.138,104.176,0.897,0
331,5.516666666666667,504.482,218.399,38.973,80.597,0.903,0
331,5.516666666666667,557.51,218.98,35.683,75.992,0.895,0
332,5.533333333333333,337.065,205.96,35.163,102.407,0.899,0
332,5.533333333333333,373.459,203.004,37.137,103.86,0.9,0
332,5.533333333333333,509.521,218.0,35.704,79.705,0.898,0
332,5.533333333333333,559.049,219.757,33.974,77.457,0.892,0
333,5.55,337.511,204.891,31.591,102.11,0.886,0
333,5.55,377.946,203.089,36.132,102.131,0.903,0
333,5.55,512.537,218.197,36.166,76.168,0.901,0
333,5.55,561.069,220.259,33.519,76.59,0.896,0
334,5.566666666666666,340.041,204.389,35.482,106.637,0.897,0
334,5.566666666666666,380.463,202.603,37.868,103.874,0.895,0
334,5.566666666666666,516.536,220.095,35.889,79.473,0.909,0
334,5.566666666666666,564.061,219.293,32.707,81.181,0.902,0
335,5.583333333333333,342.063,205.291,33.531,98.299,0.902,0
335,5.583333333333333,386.098,203.538,37.096,101.652,0.907,0
335,5.583333333333333,520.556,218.533,37.87,76.287,0.899,0
335,5.583333333333333,564.504,219.041,35.353,80.079,0.899,0
336,5.6,344.534,204.437,34.541,100.489,0.91,0
336,5.6,390.483,202.509,38.309,99.892,0.901,0
336,5.6,522.437,218.929,35.88,79.767,0.911,0
336,5.6,566.509,218.035,33.369,79.162,0.909,0
337,5.616666666666666,347.984,205.061,35.711,102.334,0.903,0
337,5.616666666666666,394.454,202.513,37.135,103.569,0.902,0
337,5.616666666666666,524.974,218.442,37.398,74.763,0.902,0
337,5.616666666666666,567.972,219.972,35.165,77.536,0.902,0
338,5.633333333333334,349.496,205.962,37.878,102.807,0.902,0
338,5.633333333333334,399.015,202.47,36.495,98.055,0.899,0
338,5.633333333333334,529.989,217.95,38.654,78.711,0.891,0
338,5.633333333333334,570.071,219.803,33.535,81.523,0.897,0
339,5.65,352.49,203.658,34.24,105.135,0.895,0
339,5.65,403.514,201.49,34.725,100.607,0.901,0
339,5.65,532.518,219.506,35.205,75.104,0.904,0
339,5.65,570.47,218.952,35.924,75.874,0.895,0
340,5.666666666666667,355.077,204.018,31.329,104.477,0.895,0
340,5.666666666666667,408.522,203.457,34.348,96.229,0.906,0
340,5.666666666666667,536.035,218.521,35.761,73.684,0.902,0
340,5.666666666666667,570.95,219.777,34.223,72.373,0.897,0
341,5.683333333333334,358.944,204.702,35.195,106.66,0.892,0
341,5.683333333333334,413.011,202.935,35.924,102.305,0.894,0
341,5.683333333333334,537.504,218.881,35.525,79.681,0.898,0
341,5.683333333333334,572.504,220.47,32.317,74.211,0.896,0
342,5.7,360.463,204.189,34.894,100.155,0.905,0
342,5.7,417.049,201.154,37.48,97.735,0.904,0
342,5.7,541.074,218.607,35.919,78.075,0.897,0
342,5.7,572.924,219.845,33.872,72.526,0.896,0
343,5.716666666666667,362.89,203.771,33.535,98.471,0.902,0
343,5.716666666666667,421.474,201.534,34.725,100.639,0.9,0
343,5.716666666666667,543.568,219.543,33.744,79.271,0.892,0
343,5.716666666666667,573.53,221.235,33.536,74.839,0.903,0
344,5.733333333333333,366.489,204.422,34.54,99.976,0.9,0
344,5.733333333333333,426.512,202.078,35.33,95.772,0.905,0
344,5.733333333333333,547.052,219.129,35.49,77.404,0.893,0
344,5.733333333333333,574.935,220.324,35.192,73.13,0.892,0
345,5.75,370.956,204.745,36.217,97.918,0.899,0
345,5.75,431.485,201.556,36.674,99.451,0.908,0
345,5.75,550.498,218.952,35.921,75.598,0.896,0
345,5.75,574.577,219.639,34.835,71.748,0.9,0
346,5.766666666666667,374.056,202.714,35.366,98.215,0.892,0
346,5.766666666666667,435.963,201.704,37.09,101.443,0.902,0
346,5.766666666666667,551.079,219.674,33.976,77.269,0.9,0
346,5.766666666666667,574.091,219.612,33.264,72.026,0.888,0
347,5.783333333333333,376.952,203.304,32.693,98.479,0.899,0
347,5.783333333333333,438.949,201.121,35.65,98.177,0.901,0
347,5.783333333333333,552.848,218.226,35.2,73.772,0.901,0
347,5.783333333333333,574.879,220.348,35.196,73.437,0.889,0
348,5.8,379.39,202.667,34.235,95.738,0.909,0
348,5.8,444.978,202.158,38.464,97.393,0.906,0
348,5.8,556.019,219.534,37.4,74.485,0.901,0
348,5.8,573.5,221.5,33.894,70.35,0.903,0
349,5.816666666666666,384.53,203.583,36.429,95.839,0.9,0
349,5.816666666666666,450.48,201.738,36.213,92.979,0.909,0
349,5.816666666666666,557.553,219.166,33.981,75.126,0.898,0
349,5.816666666666666,574.485,220.471,32.319,73.9,0.905,0
350,5.833333333333333,387.44,202.946,35.704,100.353,0.899,0
350,5.833333333333333,454.988,200.813,36.125,94.126,0.908,0
350,5.833333333333333,559.524,219.52,33.278,74.503,0.895,0
350,5.833333333333333,573.498,220.551,35.202,75.478,0.891,0
351,5.85,367.532,221.0,31.754,106.456,0.893,0
351,5.85,390.533,202.989,38.212,95.354,0.899,0
351,5.85,459.507,202.004,38.022,89.282,0.894,0
351,5.85,560.514,220.104,35.923,75.74,0.896,0
352,5.866666666666666,366.464,220.445,31.794,101.577,0.898,0
352,5.866666666666666,393.949,202.835,35.507,98.134,0.905,0
352,5.866666666666666,464.577,201.408,39.053,92.963,0.898,0
352,5.866666666666666,562.091,219.634,33.573,72.082,0.887,0
353,5.883333333333334,366.436,220.608,32.319,106.076,0.9,0
353,5.883333333333334,398.454,202.95,35.333,95.852,0.897,0
353,5.883333333333334,468.55,201.532,38.305,95.349,0.895,0
353,5.883333333333334,564.903,219.869,34.221,72.286,0.891,0
354,5.9,366.507,221.055,31.387,101.852,0.897,0
354,5.9,402.49,202.095,35.161,92.951,0.907,0
354,5.9,474.0,202.261,37.253,93.819,0.906,0
354,5.9,566.143,219.757,33.268,72.22,0.898,0
355,5.916666666666667,366.118,221.432,33.267,107.833,0.902,0
355,5.916666666666667,407.483,203.057,35.696,99.847,0.898,0
355,5.916666666666667,477.993,201.931,39.114,93.67,0.902,0
355,5.916666666666667,566.939,219.34,34.525,73.154,0.9,0
356,5.933333333333334,365.987,222.474,32.623,108.222,0.903,0
356,5.933333333333334,410.523,202.012,37.166,93.153,0.91,0
356,5.933333333333334,483.491,201.184,37.045,89.327,0.895,0
356,5.933333333333334,568.553,220.622,35.469,71.562,0.896,0
357,5.95,366.974,220.67,32.622,107.945,0.892,0
357,5.95,416.043,203.229,35.287,94.485,0.902,0
357,5.95,487.513,201.554,36.027,90.555,0.902,0
357,5.95,568.532,220.18,37.874,76.614,0.897,0
358,5.966666666666667,366.457,221.62,33.28,106.006,0.882,0
358,5.966666666666667,418.48,202.996,35.333,95.871,0.904,0
358,5.966666666666667,492.545,201.219,33.161,92.894,0.898,0
358,5.966666666666667,570.152,219.775,34.525,73.186,0.899,0
359,5.983333333333333,366.428,220.545,36.734,107.48,0.904,0
359,5.983333333333333,423.019,201.721,37.178,93.543,0.903,0
359,5.983333333333333,497.5,200.5,36.039,89.18,0.891,0
359,5.983333333333333,569.073,220.219,33.524,76.762,0.899,0
360,6.0,366.877,221.318,33.867,107.247,0.909,0
360,6.0,427.534,201.992,36.017,90.545,0.902,0
360,6.0,501.513,201.443,36.016,89.691,0.906,0
360,6.0,569.97,219.868,33.755,77.084,0.907,0
361,6.016666666666667,367.942,220.562,32.038,103.429,0.899,0
361,6.016666666666667,430.965,202.77,38.248,86.255,0.897,0
361,6.016666666666667,504.974,201.672,36.249,86.315,0.901,0
361,6.016666666666667,569.97,219.868,33.755,77.084,0.907,0
362,6.033333333333333,368.433,220.632,32.318,105.878,0.891,0
362,6.033333333333333,435.504,201.872,37.052,90.792,0.897,0
362,6.033333333333333,510.004,200.674,37.257,86.089,0.903,0
362,6.033333333333333,572.043,221.547,33.263,71.928,0.892,0
363,6.05,367.946,219.643,33.977,102.825,0.895,0
363,6.05,439.416,201.576,36.009,89.832,0.898,0
363,6.05,513.496,201.071,37.428,84.054,0.897,0
363,6.05,570.54,221.004,33.892,71.068,0.906,0
364,6.066666666666666,369.5,220.52,34.954,104.298,0.887,0
364,6.066666666666666,443.617,202.423,34.005,90.106,0.896,0
364,6.066666666666666,517.388,201.129,37.01,89.805,0.892,0
364,6.066666666666666,571.036,221.12,35.493,77.516,0.895,0
365,6.083333333333333,370.056,220.86,36.164,106.006,0.899,0
365,6.083333333333333,449.414,203.1,37.007,89.867,0.883,0
365,6.083333333333333,522.502,201.574,35.058,86.984,0.904,0
365,6.083333333333333,570.964,219.973,31.994,71.398,0.901,0
366,6.1,371.587,219.753,33.557,100.808,0.897,0
366,6.1,453.016,202.198,35.196,85.995,0.907,0
366,6.1,525.483,200.925,35.066,88.981,0.893,0
366,6.1,570.464,219.952,35.453,75.499,0.899,0
367,6.116666666666666,371.466,220.637,32.316,105.675,0.906,0
367,6.116666666666666,455.069,201.718,34.202,85.901,0.898,0
367,6.116666666666666,529.475,200.898,35.442,83.97,0.898,0
367,6.116666666666666,569.957,220.846,33.235,76.851,0.9,0
368,6.133333333333334,372.009,220.336,31.676,109.142,0.898,0
368,6.133333333333334,460.549,201.971,35.155,87.19,0.907,0
368,6.133333333333334,532.467,202.008,35.333,84.134,0.902,0
368,6.133333333333334,569.483,220.455,34.727,79.188,0.898,0
369,6.15,373.535,220.453,34.951,104.632,0.897,0
369,6.15,464.996,201.787,35.657,81.638,0.904,0
369,6.15,537.0,202.351,37.346,82.135,0.902,0
369,6.15,569.447,220.872,31.751,73.451,0.898,0
370,6.166666666666667,374.484,220.402,31.364,107.206,0.89,0
370,6.166666666666667,468.964,202.677,34.28,85.738,0.908,0
370,6.166666666666667,539.968,200.759,36.121,86.281,0.907,0
370,6.166666666666667,567.45,221.517,34.235,75.384,0.911,0
371,6.183333333333334,373.936,221.141,33.233,103.103,0.899,0
371,6.183333333333334,472.974,202.222,37.262,85.97,0.904,0
371,6.183333333333334,542.456,202.483,36.328,84.135,0.905,0
371,6.183333333333334,567.482,221.636,32.134,82.957,0.9,0
372,6.2,361.962,221.55,30.116,104.965,0.911,0
372,6.2,376.504,220.148,33.889,108.547,0.909,0
372,6.2,477.0,202.18,36.123,86.142,0.908,0
372,6.2,546.03,201.726,36.619,82.373,0.911,0
373,6.216666666666667,361.067,221.442,30.113,104.644,0.908,0
373,6.216666666666667,376.513,220.53,32.315,105.627,0.899,0
373,6.216666666666667,481.02,201.393,40.558,83.103,0.905,0
373,6.216666666666667,549.047,203.071,36.138,77.665,0.909,0
374,6.233333333333333,360.49,221.635,29.842,101.942,0.902,0
374,6.233333333333333,377.048,220.785,35.713,101.969,0.9,0
374,6.233333333333333,485.494,202.726,37.221,83.933,0.901,0
374,6.233333333333333,551.492,202.549,37.496,80.307,0.907,0
375,6.25,359.451,221.563,30.404,106.612,0.904,0
375,6.25,378.534,219.777,33.976,105.337,0.895,0
375,6.25,488.573,201.549,36.23,86.699,0.91,0
375,6.25,554.5,202.5,34.342,84.011,0.902,0
376,6.266666666666667,359.048,221.51,30.115,104.857,0.907,0
376,6.266666666666667,380.521,219.063,33.976,105.349,0.894,0
376,6.266666666666667,491.956,200.849,38.849,78.841,0.901,0
376,6.266666666666667,557.041,204.247,38.85,78.763,0.911,0
377,6.283333333333333,359.48,221.511,32.74,105.605,0.891,0
377,6.283333333333333,380.017,220.552,34.729,102.96,0.902,0
377,6.283333333333333,496.065,200.626,36.491,82.191,0.896,0
377,6.283333333333333,558.515,202.952,37.825,80.548,0.9,0
378,6.3,357.134,220.736,31.806,103.391,0.899,0
378,6.3,383.013,220.644,34.952,102.719,0.899,0
378,6.3,499.996,201.342,36.25,86.295,0.899,0
378,6.3,563.033,203.083,37.868,78.831,0.899,0
379,6.316666666666666,358.491,221.545,32.382,101.11,0.907,0
379,6.316666666666666,384.508,220.512,35.469,108.439,0.901,0
379,6.316666666666666,504.526,201.5,37.045,79.705,0.901,0
379,6.316666666666666,564.0,203.519,37.092,78.493,0.895,0
380,6.333333333333333,357.502,221.515,32.74,105.617,0.895,0
380,6.333333333333333,385.454,219.487,33.746,100.887,0.901,0
380,6.333333333333333,507.426,201.201,35.232,83.928,0.897,0
380,6.333333333333333,564.973,203.969,36.249,86.322,0.911,0
381,6.35,356.413,220.053,32.016,110.604,0.895,0
381,6.35,387.083,219.515,33.973,102.477,0.899,0
381,6.35,509.957,201.981,36.355,82.221,0.895,0
381,6.35,567.532,203.637,34.229,75.851,0.911,0
382,6.366666666666666,357.506,221.923,33.557,101.092,0.901,0
382,6.366666666666666,389.044,218.932,35.713,101.838,0.902,0
382,6.366666666666666,514.028,201.452,34.95,77.45,0.896,0
382,6.366666666666666,569.028,203.032,35.71,77.64,0.898,0
383,6.383333333333334,356.473,221.228,33.538,105.22,0.898,0
383,6.383333333333334,391.034,219.987,33.755,102.913,0.901,0
383,6.383333333333334,517.019,202.143,35.916,78.281,0.902,0
383,6.383333333333334,569.94,202.79,33.007,76.863,0.897,0
384,6.4,355.995,221.036,31.799,104.31,0.899,0
384,6.4,393.422,219.776,34.227,104.0,0.924,0
384,6.4,520.494,202.533,35.197,75.982,0.91,0
384,6.4,571.512,203.508,33.743,79.346,0.901,0
385,6.416666666666667,356.466,221.587,32.771,101.296,0.901,0
385,6.416666666666667,393.51,219.365,33.137,100.785,0.899,0
385,6.416666666666667,523.475,202.394,39.503,77.526,0.902,0
385,6.416666666666667,573.077,203.048,35.499,77.738,0.902,0
386,6.433333333333334,355.605,221.246,33.011,105.445,0.897,0
386,6.433333333333334,395.906,219.215,33.232,103.05,0.897,0
386,6.433333333333334,525.508,200.91,35.703,79.764,0.902,0
386,6.433333333333334,573.105,203.576,34.511,77.255,0.906,0
387,6.45,356.533,219.83,33.557,100.978,0.902,0
387,6.45,397.043,219.996,33.753,103.156,0.895,0
387,6.45,527.98,202.381,35.168,77.405,0.91,0
387,6.45,574.514,204.582,35.698,80.055,0.908,0
388,6.466666666666667,356.493,220.52,31.787,101.106,0.898,0
388,6.466666666666667,399.533,219.525,36.684,100.011,0.895,0
388,6.466666666666667,530.561,202.5,35.075,79.743,0.904,0
388,6.466666666666667,575.519,204.519,34.728,79.105,0.893,0
389,6.483333333333333,355.948,220.672,32.542,103.568,0.891,0
389,6.483333333333333,400.915,219.702,33.536,98.517,0.899,0
389,6.483333333333333,533.613,203.774,35.918,75.363,0.901,0
389,6.483333333333333,575.912,204.373,32.548,76.676,0.897,0
390,6.5,357.047,220.906,33.232,103.076,0.893,0
390,6.5,402.523,219.562,33.737,100.374,0.904,0
390,6.5,535.1,202.53,34.681,81.246,0.905,0
390,6.5,575.578,205.296,33.534,74.934,0.905,0
391,6.516666666666667,356.987,220.034,33.388,99.139,0.896,0
391,6.516666666666667,404.516,219.429,32.575,101.266,0.905,0
391,6.516666666666667,537.077,202.472,34.676,81.397,0.908,0
391,6.516666666666667,575.498,206.445,35.785,71.807,0.892,0
392,6.533333333333333,357.069,220.816,31.802,104.01,0.903,0
392,6.533333333333333,406.075,219.385,33.532,98.36,0.899,0
392,6.533333333333333,540.528,203.562,37.13,76.851,0.906,0
392,6.533333333333333,575.584,205.13,33.542,74.614,0.903,0
393,6.55,357.996,220.657,34.733,102.482,0.9,0
393,6.55,409.498,219.996,34.338,95.844,0.905,0
393,6.55,541.494,202.407,35.691,75.784,0.893,0
393,6.55,576.009,205.507,32.4,80.548,0.9,0
394,6.566666666666666,359.021,219.936,33.755,103.0,0.898,0
394,6.566666666666666,409.967,218.726,34.733,102.367,0.894,0
394,6.566666666666666,544.536,204.084,35.445,75.78,0.9,0
394,6.566666666666666,575.556,205.927,33.555,78.603,0.896,0
395,6.583333333333333,359.988,220.371,34.52,98.3,0.902,0
395,6.583333333333333,413.52,217.915,35.525,100.166,0.895,0
395,6.583333333333333,546.12,203.616,30.731,70.885,0.897,0
395,6.583333333333333,576.459,205.441,32.377,78.609,0.902,0
396,6.6,359.481,220.563,34.13,96.335,0.91,0
396,6.6,414.519,218.481,34.349,96.3,0.9,0
396,6.6,548.064,203.682,32.551,81.273,0.912,0
396,6.6,574.896,205.812,34.229,72.687,0.9,0
397,6.616666666666666,360.031,219.332,32.401,99.282,0.898,0
397,6.616666666666666,415.976,218.984,35.711,102.252,0.897,0
397,6.616666666666666,547.492,202.473,37.097,72.815,0.893,0
397,6.616666666666666,573.459,205.918,33.719,74.9,0.898,0
398,6.633333333333334,360.485,219.494,34.129,96.401,0.895,0
398,6.633333333333334,419.004,218.837,35.366,98.306,0.893,0
398,6.633333333333334,550.414,204.046,33.891,71.203,0.897,0
398,6.633333333333334,573.046,206.718,34.732,77.408,0.902,0
399,6.65,362.486,219.4,32.385,100.958,0.904,0
399,6.65,419.605,220.016,34.013,89.739,0.886,0
399,6.65,551.571,203.609,34.235,75.405,0.907,0
399,6.65,572.536,205.991,31.654,73.148,0.9,0
400,6.666666666666667,360.918,220.173,33.232,98.998,0.898,0
400,6.666666666666667,422.52,218.908,35.233,96.1,0.893,0
400,6.666666666666667,552.068,204.026,37.843,74.984,0.903,0
400,6.666666666666667,570.98,206.392,35.482,73.152,0.889,0
401,6.683333333333334,362.958,220.815,34.375,98.084,0.9,0
401,6.683333333333334,424.522,219.185,32.49,96.749,0.896,0
401,6.683333333333334,552.581,205.303,37.97,73.371,0.902,0
401,6.683333333333334,569.5,206.594,31.796,78.33,0.905,0
402,6.7,363.909,220.882,32.063,94.223,0.901,0
402,6.7,426.518,218.486,34.349,96.279,0.891,0
402,6.7,553.57,205.224,32.958,78.966,0.898,0
402,6.7,569.022,206.389,32.3,71.722,0.906,0
403,6.716666666666667,366.031,219.747,33.388,98.778,0.897,0
403,6.716666666666667,427.992,217.873,34.671,98.455,0.897,0
403,6.716666666666667,553.471,204.496,34.71,75.862,0.899,0
403,6.716666666666667,565.568,205.938,34.509,70.807,0.894,0
404,6.733333333333333,367.035,218.667,33.059,94.39,0.891,0
404,6.733333333333333,430.008,219.983,34.681,98.746,0.9,0
404,6.733333333333333,553.445,205.37,37.688,72.634,0.898,0
404,6.733333333333333,566.097,207.227,33.868,72.731,0.902,0
405,6.75,366.532,219.064,33.247,96.553,0.887,0
405,6.75,432.515,218.996,35.009,92.769,0.9,0
405,6.75,558.266,205.845,38.672,62.315,0.903,0
406,6.766666666666667,369.5,219.991,33.136,96.261,0.886,0
406,6.766666666666667,434.498,220.221,34.457,96.261,0.892,0
406,6.766666666666667,557.707,205.645,39.373,66.183,0.92,0
407,6.783333333333333,297.831,209.463,29.397,104.601,0.903,0
407,6.783333333333333,369.5,219.637,33.347,95.977,0.892,0
407,6.783333333333333,435.028,218.419,34.27,85.973,0.896,0
407,6.783333333333333,554.106,205.306,33.866,72.803,0.907,0
408,6.8,295.974,208.573,31.555,103.949,0.902,0
408,6.8,370.533,219.624,32.012,87.204,0.915,0
408,6.8,436.522,218.362,34.058,92.816,0.918,0
408,6.8,554.479,205.496,34.236,75.347,0.915,0
409,6.816666666666666,294.528,208.528,31.364,107.459,0.889,0
409,6.816666666666666,372.516,219.511,34.012,92.499,0.908,0
409,6.816666666666666,439.017,217.764,34.21,94.407,0.905,0
409,6.816666666666666,552.956,204.347,35.197,73.467,0.896,0
410,6.833333333333333,292.933,206.758,31.572,99.15,0.898,0
410,6.833333333333333,373.494,219.571,33.354,96.236,0.904,0
410,6.833333333333333,441.355,219.595,33.002,89.944,0.893,0
410,6.833333333333333,552.458,205.856,33.978,74.804,0.901,0
411,6.85,291.534,209.068,30.108,107.641,0.903,0
411,6.85,375.091,219.293,33.208,94.24,0.906,0
411,6.85,441.009,218.815,33.137,94.522,0.89,0
411,6.85,551.467,205.157,34.223,70.762,0.896,0
412,6.866666666666666,290.496,207.623,33.736,100.282,0.907,0
412,6.866666666666666,375.471,218.82,35.03,90.995,0.889,0
412,6.866666666666666,443.022,218.866,33.138,94.676,0.894,0
412,6.866666666666666,550.596,205.088,34.223,70.76,0.896,0
413,6.883333333333334,288.12,207.519,30.731,109.136,0.897,0
413,6.883333333333334,377.498,219.568,33.064,91.41,0.895,0
413,6.883333333333334,445.475,218.803,35.126,83.884,0.898,0
413,6.883333333333334,549.587,207.14,33.531,75.04,0.902,0
415,6.916666666666667,285.96,207.612,33.011,103.509,0.899,0
415,6.916666666666667,379.603,219.82,33.005,89.654,0.883,0
415,6.916666666666667,449.521,219.456,36.043,89.107,0.887,0
415,6.916666666666667,547.511,206.426,32.314,74.479,0.904,0
417,6.95,284.009,206.848,32.311,108.118,0.894,0
417,6.95,382.534,218.949,35.011,92.495,0.89,0
417,6.95,450.562,220.395,34.144,87.484,0.9,0
417,6.95,544.493,207.074,32.951,79.179,0.903,0
418,6.966666666666667,282.471,206.942,33.893,109.162,0.897,0
418,6.966666666666667,383.469,219.18,33.033,88.868,0.886,0
418,6.966666666666667,451.966,219.263,33.213,85.571,0.9,0
418,6.966666666666667,543.036,207.524,33.011,76.529,0.904,0
419,6.983333333333333,281.473,207.553,33.011,105.481,0.903,0
419,6.983333333333333,384.586,218.348,34.007,93.034,0.897,0
419,6.983333333333333,454.0,218.913,32.308,85.234,0.899,0
419,6.983333333333333,541.478,206.848,32.601,69.422,0.891,0
436,7.266666666666667,252.475,207.557,32.768,101.142,0.905,0
436,7.266666666666667,281.467,205.6,33.746,100.843,0.9,0
436,7.266666666666667,408.105,219.731,33.531,81.691,0.895,0
436,7.266666666666667,460.478,220.004,33.558,79.363,0.898,0
437,7.283333333333333,251.5,207.5,32.769,101.207,0.892,0
437,7.283333333333333,281.934,204.672,32.044,104.026,0.893,0
437,7.283333333333333,408.521,219.562,33.358,83.582,0.894,0
437,7.283333333333333,461.505,219.617,29.853,77.373,0.885,0
438,7.3,251.053,207.349,30.566,104.947,0.901,0
438,7.3,282.494,205.143,33.544,105.454,0.892,0
438,7.3,409.511,219.476,32.775,78.37,0.885,0
438,7.3,460.494,220.548,34.361,79.621,0.896,0
439,7.316666666666666,249.94,206.537,31.08,104.554,0.888,0
439,7.316666666666666,283.984,205.175,35.496,102.356,0.889,0
439,7.316666666666666,412.084,219.688,33.54,81.281,0.895,0
439,7.316666666666666,460.489,221.114,32.764,79.138,0.9,0
440,7.333333333333333,248.528,206.972,31.594,101.604,0.907,0
440,7.333333333333333,282.45,204.572,32.318,105.867,0.899,0
440,7.333333333333333,410.93,218.639,35.366,81.815,0.895,0
440,7.333333333333333,459.52,220.604,31.794,78.485,0.901,0
441,7.35,247.934,206.677,32.038,103.434,0.891,0
441,7.35,286.057,204.478,35.482,106.844,0.892,0
441,7.35,413.519,218.523,34.725,79.392,0.886,0
441,7.35,458.533,222.096,33.372,79.303,0.902,0
442,7.366666666666666,247.517,206.537,34.725,100.666,0.901,0
442,7.366666666666666,286.51,204.029,30.825,102.284,0.903,0
442,7.366666666666666,413.51,220.477,34.726,79.263,0.89,0
442,7.366666666666666,457.478,220.022,33.247,83.522,0.903,0
443,7.383333333333334,246.51,205.59,34.238,104.866,0.904,0
443,7.383333333333334,287.508,204.18,34.906,100.507,0.892,0
443,7.383333333333334,414.491,219.509,32.575,78.848,0.891,0
443,7.383333333333334,457.513,220.509,31.794,78.422,0.904,0
444,7.4,247.5,206.594,31.796,101.67,0.908,0
444,7.4,289.03,203.868,33.755,102.916,0.902,0
444,7.4,415.083,220.648,35.919,78.115,0.912,0
444,7.4,455.959,220.764,31.802,76.015,0.9,0
445,7.416666666666667,247.026,205.991,33.755,102.868,0.898,0
445,7.416666666666667,291.004,203.654,36.355,98.01,0.898,0
445,7.416666666666667,416.068,219.691,33.544,81.053,0.903,0
445,7.416666666666667,455.528,220.514,31.072,73.046,0.891,0
446,7.433333333333334,245.52,204.973,31.591,102.173,0.889,0
446,7.433333333333334,292.975,203.722,33.535,98.49,0.901,0
446,7.433333333333334,416.5,220.039,33.376,79.564,0.903,0
446,7.433333333333334,454.077,220.085,33.938,72.905,0.902,0
447,7.45,246.89,205.742,33.538,98.625,0.9,0
447,7.45,293.478,205.552,33.352,96.182,0.903,0
447,7.45,416.5,220.5,35.203,75.399,0.887,0
447,7.45,451.969,221.457,33.012,76.398,0.9,0
448,7.466666666666667,246.496,206.126,34.447,96.005,0.902,0
448,7.466666666666667,295.515,203.899,33.556,101.217,0.892,0
448,7.466666666666667,416.942,218.336,31.57,80.965,0.894,0
448,7.466666666666667,451.546,221.703,33.007,74.201,0.892,0
449,7.483333333333333,245.542,205.53,36.328,95.868,0.894,0
449,7.483333333333333,296.48,204.017,33.368,100.928,0.896,0
449,7.483333333333333,417.038,220.021,33.755,77.01,0.89,0
449,7.483333333333333,450.547,221.325,31.391,78.33,0.902,0
450,7.5,247.029,206.314,34.949,102.455,0.899,0
450,7.5,300.0,204.393,34.526,98.591,0.888,0
450,7.5,416.581,220.668,32.319,73.914,0.894,0
450,7.5,447.5,222.593,31.791,78.633,0.895,0
451,7.516666666666667,247.5,205.552,32.773,101.442,0.888,0
451,7.516666666666667,301.052,203.852,35.712,102.099,0.892,0
451,7.516666666666667,417.988,220.037,35.164,77.573,0.905,0
451,7.516666666666667,446.506,222.004,33.711,74.631,0.898,0
452,7.533333333333333,247.556,204.951,35.125,96.178,0.9,0
452,7.533333333333333,302.043,203.778,33.388,98.686,0.893,0
452,7.533333333333333,417.885,220.687,35.712,77.988,0.89,0
452,7.533333333333333,445.032,220.616,30.826,75.212,0.882,0
453,7.55,250.043,204.974,32.714,99.027,0.896,0
453,7.55,304.019,202.896,36.486,97.614,0.901,0
453,7.55,417.48,220.31,35.201,75.648,0.886,0
453,7.55,442.436,221.861,29.094,77.436,0.896,0
454,7.566666666666666,248.437,204.195,34.152,92.697,0.905,0
454,7.566666666666666,305.557,202.523,34.238,96.123,0.892,0
454,7.566666666666666,417.506,220.368,35.2,75.767,0.887,0
454,7.566666666666666,441.961,222.526,32.043,76.148,0.893,0
455,7.583333333333333,248.561,204.439,34.361,100.363,0.901,0
455,7.583333333333333,307.477,202.469,36.334,100.107,0.898,0
455,7.583333333333333,417.445,219.919,33.557,79.042,0.889,0
455,7.583333333333333,439.51,220.966,29.454,72.822,0.899,0
456,7.6,250.072,203.309,33.537,98.558,0.907,0
456,7.6,309.508,202.799,35.231,95.941,0.902,0
456,7.6,416.908,219.748,34.229,72.694,0.904,0
456,7.6,436.996,222.027,31.997,71.256,0.905,0
457,7.616666666666666,251.863,204.146,33.756,102.8,0.893,0
457,7.616666666666666,312.004,204.382,34.524,98.495,0.893,0
457,7.616666666666666,417.009,221.064,33.87,72.657,0.905,0
457,7.616666666666666,434.986,220.427,30.602,79.985,0.894,0
458,7.633333333333334,252.517,205.585,34.36,100.41,0.9,0
458,7.633333333333334,314.49,203.475,36.328,95.871,0.899,0
458,7.633333333333334,416.547,221.137,33.55,74.294,0.902,0
458,7.633333333333334,432.551,222.173,31.644,73.562,0.892,0
459,7.65,253.474,203.098,33.557,101.028,0.89,0
459,7.65,315.983,202.987,32.713,98.984,0.89,0
459,7.65,415.917,220.802,31.802,75.918,0.901,0
459,7.65,430.514,221.509,30.409,72.884,0.9,0
460,7.666666666666667,255.536,204.976,35.525,100.217,0.897,0
460,7.666666666666667,319.459,203.402,33.047,90.979,0.892,0
460,7.666666666666667,416.506,220.506,34.541,79.431,0.901,0
460,7.666666666666667,428.066,222.236,30.756,80.541,0.908,0
461,7.683333333333334,231.484,220.855,31.593,101.87,0.894,0
461,7.683333333333334,255.547,203.0,35.127,95.994,0.893,0
461,7.683333333333334,321.02,203.91,34.213,94.528,0.896,0
461,7.683333333333334,415.489,220.609,31.795,78.352,0.902,0
462,7.7,230.496,222.443,32.589,105.78,0.903,0
462,7.7,257.039,203.707,37.118,93.688,0.899,0
462,7.7,322.514,203.749,37.053,92.451,0.906,0
462,7.7,413.927,220.748,31.803,76.1,0.901,0
463,7.716666666666667,228.018,223.032,31.803,103.936,0.903,0
463,7.716666666666667,259.529,205.248,32.072,91.124,0.895,0
463,7.716666666666667,325.047,203.288,33.216,94.543,0.902,0
463,7.716666666666667,412.485,220.899,32.035,73.363,0.889,0
464,7.733333333333333,225.507,221.54,30.042,107.125,0.898,0
464,7.733333333333333,261.094,203.299,33.212,94.382,0.906,0
464,7.733333333333333,327.706,203.065,32.008,89.836,0.894,0
464,7.733333333333333,411.52,220.591,32.316,74.305,0.898,0
465,7.75,224.095,221.431,33.573,108.038,0.89,0
465,7.75,260.483,203.94,33.247,96.559,0.896,0
465,7.75,329.373,202.98,35.0,90.04,0.885,0
465,7.75,410.441,219.798,33.979,74.924,0.893,0
466,7.766666666666667,221.97,221.215,33.229,102.979,0.901,0
466,7.766666666666667,262.487,204.504,35.099,92.522,0.91,0
466,7.766666666666667,331.516,202.614,34.054,91.161,0.891,0
466,7.766666666666667,409.079,220.219,32.767,67.532,0.895,0
467,7.783333333333333,219.924,221.646,32.777,103.599,0.902,0
467,7.783333333333333,263.979,203.882,33.205,94.13,0.898,0
467,7.783333333333333,331.796,202.111,33.006,90.35,0.905,0
467,7.783333333333333,409.466,222.178,31.638,73.821,0.904,0
468,7.8,218.56,220.981,31.593,101.829,0.906,0
468,7.8,265.942,204.483,34.262,93.871,0.912,0
468,7.8,335.397,203.18,33.005,89.654,0.893,0
468,7.8,407.94,220.85,33.234,76.883,0.91,0
469,7.816666666666666,215.908,222.651,32.041,103.708,0.892,0
469,7.816666666666666,269.303,204.394,34.011,90.325,0.89,0
469,7.816666666666666,337.394,202.878,35.003,90.2,0.889,0
469,7.816666666666666,406.065,221.586,33.263,71.958,0.895,0
470,7.833333333333333,215.021,221.936,33.755,103.0,0.896,0
470,7.833333333333333,269.77,204.404,34.004,89.73,0.893,0
470,7.833333333333333,339.409,203.598,36.008,89.771,0.888,0
470,7.833333333333333,405.524,221.942,29.8,72.201,0.893,0
471,7.85,213.03,220.852,33.007,103.118,0.892,0
471,7.85,271.278,203.376,33.018,90.571,0.89,0
471,7.85,340.521,204.346,34.162,87.065,0.904,0
471,7.85,403.526,220.531,30.827,77.528,0.898,0
472,7.866666666666666,211.992,221.046,33.569,106.955,0.896,0
472,7.866666666666666,273.528,204.402,34.05,88.939,0.894,0
472,7.866666666666666,343.502,204.434,34.037,89.245,0.889,0
472,7.866666666666666,402.996,222.467,32.62,72.337,0.902,0
473,7.883333333333334,211.008,220.912,35.713,101.897,0.896,0
473,7.883333333333334,275.69,203.49,33.008,89.758,0.896,0
473,7.883333333333334,345.527,203.599,36.044,90.938,0.894,0
473,7.883333333333334,400.581,221.707,32.319,73.85,0.893,0
474,7.9,208.966,221.457,33.573,107.925,0.888,0
474,7.9,277.115,203.809,33.21,85.712,0.901,0
474,7.9,346.52,203.068,33.012,87.304,0.901,0
474,7.9,398.036,221.054,31.974,71.092,0.891,0
475,7.916666666666667,206.892,221.723,30.732,109.417,0.902,0
475,7.916666666666667,279.5,204.121,34.337,84.161,0.901,0
475,7.916666666666667,347.475,204.674,35.046,89.028,0.897,0
475,7.916666666666667,398.009,221.059,31.555,75.793,0.888,0
476,7.933333333333334,206.484,221.516,32.774,101.567,0.899,0
476,7.933333333333334,281.506,204.571,35.326,84.385,0.904,0
476,7.933333333333334,349.472,204.248,34.064,89.013,0.897,0
476,7.933333333333334,394.545,222.045,29.416,77.364,0.899,0
477,7.95,205.407,221.551,33.893,109.885,0.893,0
477,7.95,283.057,203.197,35.053,85.594,0.899,0
477,7.95,351.515,203.937,33.031,88.979,0.888,0
477,7.95,393.027,220.914,31.559,75.962,0.896,0
478,7.966666666666667,205.004,220.94,33.241,103.381,0.892,0
478,7.966666666666667,285.034,202.895,34.131,85.832,0.896,0
478,7.966666666666667,352.484,204.137,35.234,83.558,0.895,0
478,7.966666666666667,391.477,222.128,31.028,78.037,0.899,0
479,7.983333333333333,204.472,220.472,31.364,107.459,0.892,0
479,7.983333333333333,287.5,204.984,35.036,88.71,0.893,0
479,7.983333333333333,353.513,203.026,32.1,88.398,0.897,0
479,7.983333333333333,390.517,222.026,33.558,79.276,0.896,0
480,8.0,202.507,221.044,32.948,100.753,0.911,0
480,8.0,289.025,204.794,34.204,85.8,0.902,0
480,8.0,356.081,204.743,31.573,80.813,0.907,0
480,8.0,388.005,222.06,31.324,75.72,0.907,0
481,8.016666666666667,202.036,221.404,32.558,99.059,0.9,0
481,8.016666666666667,291.498,204.071,34.065,89.0,0.901,0
481,8.016666666666667,357.521,204.146,34.45,83.92,0.907,0
481,8.016666666666667,385.154,221.774,30.113,75.392,0.905,0
482,8.033333333333333,202.509,220.559,31.788,101.172,0.897,0
482,8.033333333333333,294.533,203.557,32.01,87.039,0.908,0
482,8.033333333333333,357.987,205.652,32.561,80.759,0.897,0
482,8.033333333333333,383.493,221.451,30.085,76.881,0.89,0
483,8.05,188.079,222.753,31.414,99.386,0.891,0
483,8.05,201.004,222.0,34.231,107.126,0.895,0
483,8.05,296.518,203.568,33.102,87.445,0.912,0
483,8.05,359.449,203.996,33.134,83.52,0.907,0
484,8.066666666666666,185.955,222.205,31.315,103.963,0.896,0
484,8.066666666666666,201.043,220.859,33.235,103.151,0.898,0
484,8.066666666666666,298.085,203.672,33.534,81.56,0.9,0
484,8.066666666666666,360.561,205.179,32.185,86.531,0.902,0
485,8.083333333333334,184.486,221.505,29.842,101.939,0.901,0
485,8.083333333333334,201.021,220.581,34.525,98.508,0.897,0
485,8.083333333333334,301.481,203.632,33.355,83.708,0.896,0
485,8.083333333333334,362.534,205.097,32.482,83.459,0.89,0
486,8.1,181.931,222.124,31.318,104.086,0.903,0
486,8.1,199.446,221.202,33.273,105.009,0.902,0
486,8.1,301.453,203.826,33.716,74.814,0.891,0
486,8.1,362.043,205.599,36.493,82.096,0.895,0
487,8.116666666666667,179.908,222.257,31.309,103.771,0.903,0
487,8.116666666666667,199.581,219.808,33.726,104.836,0.897,0
487,8.116666666666667,303.966,203.953,33.752,76.738,0.894,0
487,8.116666666666667,364.116,206.759,31.574,80.749,0.897,0
488,8.133333333333333,178.504,222.437,34.721,100.386,0.897,0
488,8.133333333333333,200.987,220.576,32.622,107.929,0.897,0
488,8.133333333333333,306.995,203.389,32.559,80.902,0.902,0
488,8.133333333333333,364.932,205.352,33.534,81.564,0.902,0
490,8.166666666666666,174.5,221.995,31.019,101.692,0.894,0
490,8.166666666666666,199.409,221.336,33.53,104.918,0.906,0
490,8.166666666666666,310.03,204.152,33.233,81.06,0.898,0
490,8.166666666666666,365.512,206.512,34.725,79.385,0.89,0
491,8.183333333333334,172.554,222.045,29.632,103.041,0.895,0
491,8.183333333333334,199.97,221.072,33.869,107.297,0.898,0
491,8.183333333333334,311.949,203.992,33.755,77.088,0.893,0
491,8.183333333333334,366.515,205.987,33.367,79.036,0.893,0
492,8.2,171.488,222.01,29.631,103.135,0.904,0
492,8.2,199.545,219.91,33.719,105.088,0.906,0
492,8.2,312.95,204.293,31.573,80.844,0.906,0
492,8.2,366.5,206.604,31.79,78.675,0.909,0
493,8.216666666666667,170.116,221.332,33.267,107.822,0.895,0
493,8.216666666666667,201.09,220.794,33.006,103.073,0.899,0
493,8.216666666666667,314.53,204.032,34.449,83.949,0.904,0
493,8.216666666666667,366.98,207.395,29.622,79.675,0.9,0
494,8.233333333333333,169.004,221.484,33.013,103.744,0.905,0
494,8.233333333333333,200.487,220.593,34.359,100.468,0.907,0
494,8.233333333333333,315.921,204.312,34.949,77.499,0.897,0
494,8.233333333333333,366.975,206.301,34.519,81.77,0.898,0
495,8.25,167.529,221.895,33.557,101.069,0.895,0
495,8.25,200.509,221.053,32.765,100.961,0.907,0
495,8.25,318.511,204.0,33.248,83.303,0.892,0
495,8.25,366.927,207.365,33.573,72.248,0.891,0
496,8.266666666666667,166.5,221.075,32.76,100.684,0.904,0
496,8.266666666666667,201.038,219.94,33.755,102.998,0.895,0
496,8.266666666666667,320.092,205.757,33.539,81.325,0.895,0
496,8.266666666666667,367.518,206.514,31.799,78.092,0.904,0
497,8.283333333333333,165.021,221.85,33.755,102.956,0.9,0
497,8.283333333333333,201.586,219.802,33.981,104.955,0.896,0
497,8.283333333333333,321.959,204.858,31.801,75.841,0.891,0
497,8.283333333333333,368.504,207.371,32.377,83.068,0.894,0
498,8.3,163.945,222.178,33.527,103.121,0.894,0
498,8.3,201.51,220.649,34.724,100.557,0.896,0
498,8.3,323.538,205.593,34.236,75.35,0.906,0
498,8.3,366.916,206.335,34.525,81.491,0.9,0
499,8.316666666666666,162.967,220.967,31.248,99.551,0.899,0
499,8.316666666666666,202.974,221.382,32.702,98.69,0.903,0
499,8.316666666666666,325.554,204.529,34.953,75.655,0.893,0
499,8.316666666666666,367.06,208.252,31.322,75.798,0.9,0
500,8.333333333333334,162.979,222.386,34.951,102.62,0.9,0
500,8.333333333333334,205.471,220.649,31.795,101.646,0.903,0
500,8.333333333333334,326.536,204.612,31.787,78.869,0.899,0
500,8.333333333333334,367.06,206.252,31.322,75.798,0.901,0
502,8.366666666666667,160.545,220.955,32.037,106.456,0.885,0
502,8.366666666666667,205.48,220.054,33.133,96.554,0.899,0
502,8.366666666666667,328.478,205.97,33.557,79.143,0.898,0
502,8.366666666666667,365.96,207.388,33.011,76.491,0.898,0
503,8.383333333333333,160.461,221.132,32.768,101.093,0.903,0
503,8.383333333333333,206.419,220.06,30.822,101.989,0.894,0
503,8.383333333333333,329.988,205.492,33.974,77.459,0.896,0
503,8.383333333333333,365.977,208.502,31.078,75.648,0.89,0
504,8.4,161.031,220.43,32.041,103.717,0.9,0
504,8.4,207.051,219.977,31.078,104.331,0.909,0
504,8.4,330.415,206.267,34.541,79.685,0.91,0
504,8.4,364.995,208.157,31.329,75.521,0.909,0
505,8.416666666666666,159.515,221.808,33.363,96.61,0.906,0
505,8.416666666666666,208.513,220.408,34.355,100.702,0.897,0
505,8.416666666666666,332.972,207.1,35.711,77.733,0.901,0
505,8.416666666666666,363.024,207.695,30.117,74.871,0.902,0
506,8.433333333333334,160.009,221.347,32.559,99.137,0.89,0
506,8.433333333333334,209.513,219.57,32.774,101.571,0.888,0
506,8.433333333333334,332.475,205.426,32.769,78.833,0.9,0
506,8.433333333333334,363.523,207.569,29.147,71.749,0.893,0
507,8.45,159.525,220.789,34.728,100.861,0.898,0
507,8.45,211.004,220.667,34.376,98.439,0.894,0
507,8.45,334.102,206.221,31.99,71.583,0.894,0
507,8.45,361.529,208.547,32.741,74.422,0.901,0
508,8.466666666666667,158.992,220.654,34.377,98.665,0.901,0
508,8.466666666666667,212.0,220.41,34.523,98.407,0.895,0
508,8.466666666666667,334.0,206.03,34.231,72.862,0.901,0
508,8.466666666666667,360.917,208.812,31.414,80.746,0.897,0
509,8.483333333333333,159.457,221.588,32.255,96.643,0.89,0
509,8.483333333333333,212.486,218.988,35.233,96.203,0.892,0
509,8.483333333333333,334.956,204.81,32.312,71.965,0.885,0
509,8.483333333333333,359.471,209.0,31.59,77.764,0.891,0
510,8.5,159.452,221.585,33.751,101.238,0.902,0
510,8.5,214.04,219.96,35.366,98.343,0.896,0
510,8.5,336.515,206.568,32.317,74.184,0.897,0
510,8.5,359.505,209.093,29.117,76.683,0.904,0
511,8.516666666666667,159.431,220.524,31.799,101.97,0.902,0
511,8.516666666666667,215.478,220.53,34.238,96.131,0.904,0
511,8.516666666666667,335.96,206.462,32.04,76.391,0.898,0
511,8.516666666666667,356.019,209.053,29.418,74.7,0.895,0
512,8.533333333333333,160.036,222.462,31.574,99.241,0.902,0
512,8.533333333333333,216.92,219.759,34.228,98.532,0.897,0
512,8.533333333333333,336.424,206.866,32.037,73.52,0.893,0
512,8.533333333333333,354.546,208.564,32.319,73.876,0.9,0
513,8.55,159.487,219.071,32.483,96.562,0.897,0
513,8.55,217.942,220.483,34.262,93.871,0.9,0
513,8.55,336.449,207.41,29.46,71.598,0.891,0
513,8.55,353.959,208.922,31.803,76.023,0.897,0
514,8.566666666666666,160.47,219.953,33.249,96.796,0.885,0
514,8.566666666666666,220.544,219.07,31.388,101.8,0.892,0
514,8.566666666666666,336.527,207.211,33.544,74.559,0.899,0
514,8.566666666666666,352.0,209.054,29.426,74.384,0.897,0
515,8.583333333333334,162.014,219.958,30.761,99.59,0.894,0
515,8.583333333333334,221.512,220.056,35.525,100.332,0.89,0
515,8.583333333333334,337.462,207.983,33.723,75.06,0.898,0
515,8.583333333333334,351.027,209.686,32.776,76.351,0.903,0
516,8.6,162.537,220.374,34.058,92.757,0.908,0
516,8.6,222.498,221.519,33.362,96.577,0.901,0
516,8.6,335.961,206.871,33.242,76.587,0.905,0
516,8.6,349.471,209.519,30.038,72.969,0.909,0
517,8.616666666666667,162.03,219.862,33.388,98.691,0.89,0
517,8.616666666666667,223.919,220.774,31.219,94.427,0.9,0
517,8.616666666666667,342.125,208.504,37.876,69.331,0.9,0
518,8.633333333333333,163.986,220.377,30.321,94.893,0.897,0
518,8.633333333333333,225.076,220.08,34.126,93.781,0.893,0
518,8.633333333333333,336.513,206.504,31.785,78.955,0.903,0
518,8.633333333333333,346.475,209.462,32.764,79.106,0.902,0
519,8.65,163.959,220.9,31.219,94.426,0.899,0
519,8.65,225.983,220.87,34.131,94.235,0.892,0
519,8.65,340.095,208.372,34.071,67.603,0.922,0
520,8.666666666666666,92.467,208.5,31.364,107.502,0.896,0
520,8.666666666666666,164.48,220.582,34.35,96.342,0.891,0
520,8.666666666666666,228.048,219.71,33.388,98.611,0.895,0
520,8.666666666666666,335.973,207.412,33.013,76.312,0.903,0
521,8.683333333333334,89.493,208.215,31.643,106.374,0.898,0
521,8.683333333333334,166.485,221.64,33.364,96.641,0.896,0
521,8.683333333333334,229.54,219.956,33.135,96.372,0.901,0
521,8.683333333333334,335.532,207.55,31.082,68.122,0.892,0
522,8.7,88.986,208.573,30.602,100.015,0.899,0
522,8.7,167.498,220.568,31.059,91.277,0.897,0
522,8.7,231.384,221.118,32.003,90.05,0.888,0
522,8.7,334.973,207.96,31.675,71.251,0.895,0
523,8.716666666666667,86.561,207.789,33.544,105.464,0.901,0
523,8.716666666666667,167.656,220.48,34.002,89.945,0.887,0
523,8.716666666666667,233.361,220.445,31.014,90.415,0.887,0
523,8.716666666666667,335.093,209.23,29.417,74.735,0.894,0
524,8.733333333333333,84.528,208.502,32.318,105.883,0.897,0
524,8.733333333333333,169.471,220.82,35.03,90.995,0.893,0
524,8.733333333333333,234.517,220.995,31.009,93.189,0.9,0
524,8.733333333333333,332.537,207.986,31.009,78.592,0.902,0
525,8.75,84.374,209.161,29.77,108.066,0.893,0
525,8.75,169.711,219.819,33.006,89.643,0.894,0
525,8.75,235.471,219.887,33.034,91.174,0.891,0
525,8.75,333.044,208.646,32.041,76.339,0.901,0
526,8.766666666666667,83.516,208.512,31.363,106.699,0.897,0
526,8.766666666666667,172.479,219.944,33.248,96.584,0.89,0
526,8.766666666666667,237.49,221.088,32.064,90.986,0.888,0
526,8.766666666666667,332.474,209.565,29.833,78.525,0.904,0
527,8.783333333333333,81.93,208.164,31.801,104.127,0.906,0
527,8.783333333333333,173.983,219.693,33.135,85.702,0.889,0
527,8.783333333333333,237.333,220.273,34.018,89.64,0.896,0
527,8.783333333333333,331.054,209.293,29.416,74.755,0.897,0
528,8.8,80.485,209.498,33.279,105.736,0.893,0
528,8.8,175.517,220.513,31.052,88.903,0.901,0
528,8.8,241.367,221.835,33.005,90.302,0.894,0
528,8.8,331.009,209.616,33.012,76.339,0.909,0
529,8.816666666666666,79.022,207.465,33.014,103.831,0.898,0
529,8.816666666666666,176.505,220.644,31.112,92.837,0.907,0
529,8.816666666666666,240.548,221.256,32.118,86.866,0.907,0
529,8.816666666666666,327.934,210.421,32.043,76.111,0.891,0
530,8.833333333333334,78.107,208.813,31.992,108.508,0.898,0
530,8.833333333333334,179.056,221.235,30.227,85.42,0.894,0
530,8.833333333333334,242.975,219.104,35.131,85.481,0.903,0
530,8.833333333333334,327.945,209.335,29.158,74.16,0.895,0
531,8.85,77.449,207.192,33.526,104.814,0.901,0
531,8.85,179.953,219.358,33.135,94.269,0.89,0
531,8.85,244.553,220.553,31.108,87.308,0.913,0
531,8.85,326.49,209.586,30.057,72.53,0.904,0
532,8.866666666666667,78.086,207.494,33.573,107.92,0.895,0
532,8.866666666666667,181.311,220.338,31.999,90.513,0.896,0
532,8.866666666666667,245.069,220.819,31.227,85.311,0.912,0
532,8.866666666666667,325.953,210.233,30.828,75.406,0.889,0
533,8.883333333333333,77.523,207.046,31.767,106.017,0.901,0
533,8.883333333333333,183.068,219.077,32.137,94.273,0.895,0
533,8.883333333333333,247.389,220.49,34.001,90.027,0.884,0
533,8.883333333333333,322.528,209.935,31.395,78.501,0.898,0
534,8.9,76.617,207.863,34.214,108.834,0.899,0
534,8.9,185.004,220.339,34.376,81.617,0.895,0
534,8.9,248.55,221.268,32.166,87.01,0.904,0
534,8.9,321.995,209.894,31.553,75.713,0.897,0
535,8.916666666666666,77.942,207.627,33.012,103.62,0.905,0
535,8.916666666666666,186.594,219.736,32.064,86.62,0.903,0
535,8.916666666666666,248.517,219.94,33.247,83.441,0.89,0
535,8.916666666666666,321.015,210.079,29.157,74.341,0.896,0
536,8.933333333333334,75.508,207.475,33.776,104.677,0.905,0
536,8.933333333333334,189.518,220.518,31.066,88.555,0.89,0
536,8.933333333333334,250.493,220.45,31.119,86.886,0.909,0
536,8.933333333333334,318.451,211.037,31.014,78.473,0.902,0
537,8.95,72.844,207.911,36.85,111.9,0.927,0
537,8.95,190.012,219.871,34.28,85.74,0.89,0
537,8.95,251.529,220.82,35.03,89.005,0.891,0
538,8.966666666666667,67.5,208.928,31.358,106.058,0.896,0
538,8.966666666666667,77.464,207.579,33.777,104.706,0.915,0
538,8.966666666666667,191.636,219.869,32.999,89.63,0.883,0
538,8.966666666666667,253.075,221.131,31.06,84.943,0.899,0
539,8.983333333333333,66.947,209.618,29.618,100.073,0.903,0
539,8.983333333333333,76.963,206.725,34.376,98.393,0.899,0
539,8.983333333333333,194.502,220.575,31.109,87.256,0.915,0
539,8.983333333333333,254.546,220.623,31.111,87.179,0.91,0
540,9.0,64.569,207.981,30.104,107.86,0.902,0
540,9.0,78.039,205.491,33.573,107.84,0.904,0
540,9.0,195.574,220.153,30.529,82.666,0.911,0
540,9.0,254.957,219.778,33.388,81.314,0.903,0
541,9.016666666666667,62.586,209.05,32.031,106.821,0.903,0
541,9.016666666666667,77.996,206.338,32.955,108.009,0.899,0
541,9.016666666666667,197.965,219.581,33.133,85.893,0.895,0
541,9.016666666666667,255.987,220.065,33.232,81.013,0.89,0
542,9.033333333333333,61.958,208.606,31.08,104.646,0.89,0
542,9.033333333333333,80.043,207.459,33.573,107.632,0.898,0
542,9.033333333333333,199.496,219.996,33.131,83.279,0.903,0
542,9.033333333333333,256.919,222.5,31.574,80.763,0.899,0
543,9.05,62.923,209.187,30.128,109.704,0.894,0
543,9.05,80.0,206.987,33.868,107.262,0.9,0
543,9.05,201.566,221.443,32.256,83.109,0.901,0
543,9.05,258.517,220.626,30.407,82.39,0.894,0
544,9.066666666666666,60.483,208.567,28.514,108.961,0.89,0
544,9.066666666666666,81.919,206.179,33.526,103.128,0.896,0
544,9.066666666666666,203.516,220.479,32.137,83.225,0.902,0
544,9.066666666666666,257.942,221.377,32.22,85.433,0.896,0
545,9.083333333333334,60.576,207.874,34.225,109.331,0.898,0
545,9.083333333333334,84.075,205.878,30.752,99.338,0.905,0
545,9.083333333333334,205.519,220.849,31.143,83.048,0.899,0
545,9.083333333333334,259.552,222.142,30.514,83.028,0.901,0
546,9.1,59.53,207.405,32.774,101.551,0.894,0
546,9.1,83.893,205.235,33.233,103.097,0.896,0
546,9.1,207.014,219.963,30.773,80.058,0.892,0
546,9.1,259.46,220.775,31.264,83.062,0.894,0
547,9.116666666666667,59.5,207.5,30.393,102.591,0.892,0
547,9.116666666666667,86.492,206.087,35.446,104.239,0.895,0
547,9.116666666666667,209.479,219.504,33.742,79.368,0.896,0
547,9.116666666666667,261.511,221.844,33.556,78.861,0.894,0
548,9.133333333333333,58.946,207.094,32.305,108.544,0.899,0
548,9.133333333333333,87.922,206.258,31.321,104.169,0.9,0
548,9.133333333333333,212.048,220.635,30.428,80.083,0.897,0
548,9.133333333333333,261.955,220.67,31.804,76.321,0.895,0
549,9.15,58.475,208.117,32.039,106.338,0.894,0
549,9.15,89.051,206.028,31.318,104.072,0.901,0
549,9.15,213.95,220.826,31.802,75.948,0.89,0
549,9.15,262.525,221.448,32.575,78.673,0.903,0
550,9.166666666666666,59.452,207.624,30.392,102.627,0.898,0
550,9.166666666666666,90.498,206.511,32.318,105.935,0.896,0
550,9.166666666666666,215.962,220.271,30.235,85.117,0.888,0
550,9.166666666666666,262.523,220.959,31.387,78.127,0.893,0
551,9.183333333333334,59.526,207.531,33.278,105.631,0.898,0
551,9.183333333333334,92.991,206.137,33.524,103.225,0.91,0
551,9.183333333333334,217.54,220.891,31.14,82.809,0.898,0
551,9.183333333333334,263.951,221.278,29.235,85.267,0.902,0
552,9.2,58.931,207.25,32.688,98.358,0.899,0
552,9.2,96.513,205.371,33.28,105.95,0.901,0
552,9.2,219.519,221.515,34.702,75.514,0.919,0
552,9.2,264.503,221.569,28.437,81.807,0.898,0
553,9.216666666666667,60.524,205.444,32.772,101.428,0.897,0
553,9.216666666666667,97.966,206.121,33.531,102.933,0.895,0
553,9.216666666666667,220.491,221.441,32.768,78.854,0.905,0
553,9.216666666666667,264.519,222.014,30.82,78.108,0.899,0
554,9.233333333333333,60.446,206.232,31.648,106.593,0.896,0
554,9.233333333333333,99.966,205.094,33.229,102.973,0.895,0
554,9.233333333333333,223.009,221.059,31.799,75.62,0.893,0
554,9.233333333333333,264.929,222.317,31.737,80.701,0.901,0
555,9.25,62.033,206.415,30.602,100.062,0.891,0
555,9.25,101.487,205.667,33.737,100.353,0.898,0
555,9.25,226.061,221.274,33.388,81.351,0.896,0
555,9.25,264.532,221.968,31.014,78.478,0.903,0
556,9.266666666666667,61.926,206.535,31.08,104.531,0.893,0
556,9.266666666666667,105.936,206.111,33.753,103.144,0.892,0
556,9.266666666666667,226.515,219.991,33.248,83.317,0.894,0
556,9.266666666666667,264.951,222.381,31.572,80.847,0.898,0
557,9.283333333333333,63.919,206.12,33.754,103.111,0.899,0
557,9.283333333333333,109.511,205.089,32.952,100.86,0.889,0
557,9.283333333333333,228.085,221.135,28.814,79.759,0.905,0
557,9.283333333333333,264.527,221.469,29.845,77.933,0.901,0
558,9.3,65.57,206.874,32.036,106.541,0.896,0
558,9.3,111.051,203.957,33.754,103.05,0.893,0
558,9.3,229.949,221.829,31.326,75.642,0.903,0
558,9.3,265.956,221.829,29.854,74.625,0.899,0
559,9.316666666666666,65.012,206.0,35.166,102.509,0.896,0
559,9.316666666666666,114.476,205.142,32.48,96.508,0.894,0
559,9.316666666666666,232.551,222.173,31.644,73.562,0.893,0
559,9.316666666666666,265.509,222.164,31.032,77.926,0.897,0
560,9.333333333333334,68.475,205.567,33.734,100.216,0.899,0
560,9.333333333333334,118.522,204.974,32.761,100.727,0.9,0
560,9.333333333333334,233.522,221.122,29.116,76.716,0.896,0
560,9.333333333333334,267.045,224.239,31.805,76.34,0.895,0
561,9.35,70.556,205.444,32.772,101.434,0.899,0
561,9.35,120.057,204.724,35.365,97.95,0.893,0
561,9.35,234.519,220.631,30.613,77.701,0.897,0
561,9.35,265.509,223.543,32.773,78.496,0.891,0
562,9.366666666666667,71.996,205.7,32.222,94.635,0.902,0
562,9.366666666666667,123.494,203.987,33.557,100.977,0.888,0
562,9.366666666666667,236.004,221.389,33.012,76.35,0.899,0
562,9.366666666666667,264.98,222.921,29.265,79.757,0.897,0
563,9.383333333333333,74.052,205.671,33.388,98.489,0.893,0
563,9.383333333333333,127.588,203.611,32.256,96.89,0.889,0
563,9.383333333333333,237.582,222.159,31.643,73.636,0.9,0
563,9.383333333333333,263.961,222.463,32.044,75.972,0.896,0
564,9.4,75.493,206.565,31.797,101.752,0.909,0
564,9.4,130.523,205.945,33.245,96.236,0.896,0
564,9.4,240.537,222.0,31.018,78.352,0.906,0
564,9.4,264.951,222.381,31.572,80.847,0.907,0
565,9.416666666666666,77.017,206.734,34.376,98.306,0.896,0
565,9.416666666666666,134.492,205.636,33.735,100.259,0.9,0
565,9.416666666666666,241.422,221.283,33.012,74.69,0.893,0
565,9.416666666666666,264.516,223.567,30.408,73.047,0.9,0
566,9.433333333333334,80.057,207.017,32.871,99.02,0.895,0
566,9.433333333333334,138.486,205.036,35.234,96.275,0.893,0
566,9.433333333333334,241.491,220.8,32.041,73.829,0.9,0
566,9.433333333333334,264.574,223.115,29.77,71.922,0.898,0
567,9.45,82.458,205.483,33.739,100.437,0.903,0
567,9.45,142.004,204.032,34.666,98.337,0.889,0
567,9.45,243.945,220.88,31.8,75.773,0.898,0
567,9.45,263.5,223.594,29.856,77.148,0.899,0
568,9.466666666666667,85.022,205.206,32.218,94.487,0.899,0
568,9.466666666666667,144.504,206.623,35.343,96.307,0.904,0
568,9.466666666666667,245.492,221.097,33.558,79.26,0.892,0
568,9.466666666666667,263.072,223.62,30.116,75.104,0.906,0
569,9.483333333333333,88.049,205.17,32.4,98.903,0.893,0
569,9.483333333333333,148.525,204.545,34.355,96.541,0.896,0
569,9.483333333333333,245.522,221.171,32.479,83.529,0.894,0
569,9.483333333333333,263.061,222.577,30.826,75.168,0.894,0
570,9.5,90.469,206.693,34.06,93.2,0.904,0
570,9.5,152.504,205.134,32.496,96.88,0.902,0
570,9.5,247.496,222.137,32.369,69.311,0.902,0
570,9.5,262.01,223.074,29.424,74.463,0.897,0
572,9.533333333333333,73.474,222.531,30.827,102.423,0.892,0
572,9.533333333333333,97.56,205.541,32.137,96.779,0.898,0
572,9.533333333333333,160.521,205.298,32.167,93.002,0.904,0
572,9.533333333333333,249.458,221.954,31.632,74.023,0.907,0
573,9.55,71.523,222.128,31.028,101.963,0.899,0
573,9.55,100.527,205.58,29.422,97.948,0.902,0
573,9.55,164.976,205.02,35.366,98.347,0.89,0
573,9.55,250.523,222.578,31.364,72.541,0.885,0
574,9.566666666666666,70.959,222.712,31.569,99.002,0.904,0
574,9.566666666666666,103.075,204.554,31.141,94.36,0.898,0
574,9.566666666666666,168.033,205.825,34.657,98.089,0.893,0
574,9.566666666666666,251.056,222.727,30.829,75.547,0.891,0
575,9.583333333333334,71.493,221.976,29.63,103.261,0.889,0
575,9.583333333333334,106.5,205.5,32.119,93.172,0.9,0
575,9.583333333333334,172.522,205.465,33.108,92.802,0.903,0
575,9.583333333333334,252.537,222.579,27.912,76.767,0.899,0
576,9.6,71.5,222.5,30.825,102.295,0.903,0
576,9.6,111.039,205.18,36.191,93.883,0.898,0
576,9.6,175.502,205.567,32.042,90.863,0.895,0
576,9.6,253.539,222.162,32.371,69.187,0.905,0
577,9.616666666666667,72.061,221.812,30.402,109.264,0.891,0
577,9.616666666666667,113.958,205.183,31.061,94.875,0.896,0
577,9.616666666666667,179.532,206.248,30.083,91.292,0.897,0
577,9.616666666666667,254.519,221.995,30.819,78.185,0.904,0
578,9.633333333333333,70.577,221.877,32.358,110.097,0.906,0
578,9.633333333333333,119.046,204.029,34.194,93.843,0.898,0
578,9.633333333333333,183.5,205.5,32.04,90.822,0.887,0
578,9.633333333333333,253.587,222.069,27.896,70.906,0.898,0
579,9.65,71.481,221.141,29.111,103.127,0.895,0
579,9.65,121.755,204.536,31.004,89.872,0.903,0
579,9.65,187.527,205.181,32.075,91.166,0.895,0
579,9.65,255.516,222.11,31.037,77.746,0.892,0
581,9.683333333333334,71.974,222.571,32.621,107.892,0.9,0
581,9.683333333333334,129.434,205.566,36.001,89.976,0.878,0
581,9.683333333333334,196.474,205.583,32.063,86.842,0.903,0
581,9.683333333333334,255.498,222.498,31.073,73.086,0.892,0
582,9.7,72.909,221.765,33.264,108.004,0.893,0
582,9.7,133.92,205.224,33.2,86.025,0.902,0
582,9.7,199.772,206.721,31.016,90.48,0.909,0
582,9.7,257.146,222.244,31.32,75.843,0.911,0
583,9.716666666666667,72.934,222.204,28.298,111.872,0.891,0
583,9.716666666666667,137.651,205.847,32.999,89.565,0.892,0
583,9.716666666666667,203.516,206.937,31.035,88.824,0.895,0
583,9.716666666666667,257.059,222.107,29.581,74.351,0.89,0
584,9.733333333333333,74.914,222.279,31.996,108.706,0.899,0
584,9.733333333333333,141.5,205.5,32.04,90.822,0.886,0
584,9.733333333333333,207.361,205.064,31.0,90.066,0.889,0
584,9.733333333333333,258.5,222.5,28.812,71.117,0.888,0
585,9.75,74.454,221.602,30.409,107.094,0.892,0
585,9.75,145.77,204.687,35.01,89.286,0.904,0
585,9.75,211.487,206.618,31.066,88.553,0.894,0
585,9.75,258.422,222.933,32.037,73.531,0.896,0
586,9.766666666666667,74.936,221.555,30.732,109.357,0.891,0
586,9.766666666666667,150.546,204.868,31.064,93.038,0.907,0
586,9.766666666666667,214.472,205.856,33.06,87.124,0.913,0
586,9.766666666666667,258.515,223.198,28.574,81.962,0.894,0
587,9.783333333333333,76.498,220.537,32.316,105.715,0.893,0
587,9.783333333333333,154.518,205.568,33.102,87.445,0.912,0
587,9.783333333333333,219.949,205.215,33.205,85.87,0.901,0
587,9.783333333333333,258.477,223.005,31.593,78.202,0.9,0
588,9.8,77.491,220.486,32.316,105.708,0.913,0
588,9.8,159.055,205.928,33.201,86.001,0.906,0
588,9.8,222.583,207.52,32.201,87.295,0.916,0
588,9.8,257.985,222.966,29.856,74.774,0.907,0
589,9.816666666666666,79.54,220.944,31.749,106.604,0.91,0
589,9.816666666666666,163.55,206.148,30.391,83.087,0.907,0
589,9.816666666666666,227.014,206.325,30.3,85.569,0.904,0
589,9.816666666666666,257.948,222.349,31.08,75.388,0.9,0
590,9.833333333333334,81.518,222.009,31.251,102.293,0.895,0
590,9.833333333333334,167.5,205.142,32.053,89.195,0.889,0
590,9.833333333333334,230.498,206.449,31.523,82.607,0.899,0
590,9.833333333333334,258.033,222.584,30.6,80.077,0.897,0
591,9.85,83.014,221.412,30.38,105.212,0.894,0
591,9.85,171.982,205.232,32.142,85.282,0.896,0
591,9.85,233.48,205.844,33.247,83.475,0.9,0
591,9.85,258.91,223.28,30.258,80.198,0.888,0
592,9.866666666666667,84.478,222.111,31.933,106.567,0.894,0
592,9.866666666666667,176.506,205.535,33.363,83.372,0.893,0
592,9.866666666666667,236.924,207.376,33.533,81.596,0.903,0
592,9.866666666666667,258.512,223.005,29.633,77.122,0.895,0
593,9.883333333333333,71.995,223.2,31.555,104.216,0.898,0
593,9.883333333333333,85.979,220.205,33.515,103.558,0.896,0
593,9.883333333333333,179.965,205.581,33.133,85.893,0.898,0
593,9.883333333333333,240.123,206.705,31.564,81.214,0.893,0
594,9.9,72.062,221.272,28.458,101.002,0.894,0
594,9.9,88.13,223.365,33.268,107.742,0.899,0
594,9.9,186.004,205.646,32.561,80.749,0.894,0
594,9.9,243.983,206.311,34.201,85.907,0.896,0
595,9.916666666666666,71.519,222.416,30.825,102.24,0.894,0
595,9.916666666666666,90.472,220.537,32.736,105.741,0.894,0
595,9.916666666666666,190.026,206.105,33.234,81.138,0.895,0
595,9.916666666666666,247.939,206.93,32.294,85.559,0.901,0
596,9.933333333333334,73.041,222.828,31.804,103.804,0.894,0
596,9.933333333333334,91.969,221.765,32.776,103.637,0.899,0
596,9.933333333333334,194.506,205.536,33.736,79.686,0.9,0
596,9.933333333333334,250.043,208.026,32.714,80.973,0.903,0
597,9.95,72.475,222.525,31.364,107.288,0.893,0
597,9.95,95.565,220.951,31.758,106.312,0.894,0
597,9.95,198.913,204.794,31.414,80.706,0.891,0
597,9.95,254.063,207.6,28.973,80.115,0.907,0
598,9.966666666666667,73.505,222.448,31.076,106.691,0.899,0
598,9.966666666666667,96.941,222.71,31.577,99.367,0.9,0
598,9.966666666666667,202.995,206.037,30.768,80.203,0.893,0
598,9.966666666666667,257.028,208.333,31.145,85.292,0.896,0
599,9.983333333333333,73.088,221.907,29.854,105.351,0.895,0
599,9.983333333333333,99.983,220.611,32.039,103.493,0.892,0
599,9.983333333333333,207.992,206.6,34.524,81.529,0.893,0
599,9.983333333333333,258.505,206.968,31.593,78.291,0.898,0
